Frame,PWM,Meta,Sector,Tiempo,Dif tiempo,Pos front X,Pos front Y,Dist puntos,Derrapo,Dist derrape,Pos back X,Pos back Y
1,,0,0,1691257110345.452,,389.0,89.0,,,,357.0,88.5
2,,0,0,1691257110380.739,35.287109375,389.0,89.0,0.0,,,357.0,88.5
3,,0,0,1691257110412.23,31.490966796875,389.0,89.0,0.0,,,357.0,89.0
4,,0,0,1691257110443.985,31.755126953125,389.0,89.0,0.0,,,357.0,89.0
5,,0,0,1691257110479.002,35.016845703125,389.0,89.0,0.0,,,357.0,88.5
6,,0,0,1691257110512.46,33.4580078125,389.0,89.0,0.0,,,357.0,89.0
7,,0,0,1691257110542.946,30.486083984375,389.0,89.0,0.0,,,357.0,89.0
8,,0,0,1691257110580.836,37.889892578125,389.0,89.0,0.0,,,357.0,89.0
9,,0,0,1691257110612.08,31.244140625,389.0,89.0,0.0,,,357.0,89.0
10,,0,0,1691257110644.622,32.5419921875,389.0,89.0,0.0,,,357.0,89.0
11,,0,0,1691257110679.816,35.19384765625,389.0,89.0,0.0,,,357.0,89.0
12,,0,0,1691257110712.407,32.591064453125,389.0,89.0,0.0,,,357.0,89.0
13,,0,0,1691257110744.754,32.346923828125,389.0,89.0,0.0,,,357.0,89.0
14,,0,0,1691257110775.155,30.401123046875,389.0,89.0,0.0,,,357.0,89.0
15,,0,0,1691257110811.875,36.719970703125,389.0,89.0,0.0,,,357.0,89.0
16,,0,0,1691257110844.661,32.785888671875,389.0,89.0,0.0,,,357.0,89.0
17,,0,0,1691257110881.126,36.465087890625,389.0,89.0,0.0,,,357.0,89.0
18,,0,0,1691257110911.711,30.5849609375,389.0,89.0,0.0,,,357.0,89.0
19,,0,0,1691257110944.903,33.192138671875,389.0,89.0,0.0,,,357.0,89.0
20,,0,0,1691257110980.662,35.759033203125,389.0,89.0,0.0,,,357.0,89.0
21,,0,0,1691257111012.529,31.866943359375,389.0,89.0,0.0,,,357.0,88.5
22,,0,0,1691257111044.198,31.6689453125,389.0,89.0,0.0,,,357.0,89.0
23,,0,0,1691257111080.812,36.614013671875,389.0,89.0,0.0,,,357.0,88.5
24,,0,0,1691257111113.532,32.719970703125,389.0,89.0,0.0,,,357.0,89.0
25,,0,0,1691257111140.669,27.136962890625,389.0,89.0,0.0,,,357.0,89.0
26,,0,0,1691257111176.05,35.381103515625,389.0,89.0,0.0,,,357.0,89.0
27,,0,0,1691257111209.452,33.40185546875,389.0,89.0,0.0,,,357.0,89.0
28,,0,0,1691257111239.934,30.482177734375,389.0,89.0,0.0,,,357.0,89.0
29,,0,0,1691257111275.051,35.116943359375,389.0,89.0,0.0,,,357.0,88.0
30,,0,0,1691257111311.848,36.796875,389.0,89.0,0.0,,,357.0,89.0
31,,0,0,1691257111343.779,31.93115234375,389.0,89.0,0.0,,,357.0,89.0
32,,0,0,1691257111380.543,36.763916015625,389.0,89.0,0.0,,,357.0,89.0
33,,0,0,1691257111411.973,31.429931640625,389.0,89.0,0.0,,,357.0,89.0
34,,0,0,1691257111444.388,32.4150390625,389.0,89.0,0.0,,,357.0,89.0
35,,0,0,1691257111475.813,31.425048828125,389.0,89.0,0.0,,,357.0,89.0
36,,0,0,1691257111507.963,32.14990234375,389.0,89.0,0.0,,,357.0,89.0
37,,0,0,1691257111544.328,36.364990234375,389.0,89.0,0.0,,,357.0,89.0
38,,0,0,1691257111579.433,35.105224609375,389.0,89.0,0.0,,,357.0,89.0
39,,0,0,1691257111612.708,33.27490234375,389.0,89.0,0.0,,,357.0,89.0
40,,0,0,1691257111644.066,31.35791015625,389.0,89.0,0.0,,,357.0,89.0
41,,0,0,1691257111682.534,38.468017578125,389.0,89.0,0.0,,,357.0,88.5
42,,0,0,1691257111711.275,28.740966796875,390.0,89.0,1.0,,,357.0,89.0
43,,0,0,1691257111744.608,33.3330078125,390.0,89.0,0.0,,,357.0,89.0
44,,0,0,1691257111780.345,35.737060546875,390.0,89.0,0.0,,,358.0,89.0
45,,0,0,1691257111810.965,30.6201171875,391.0,89.0,1.0,,,359.0,89.0
46,,0,0,1691257111839.314,28.348876953125,392.0,89.0,1.0,,,359.0,89.0
47,,0,0,1691257111875.361,36.047119140625,393.0,89.0,1.0,,,361.0,89.0
48,,0,0,1691257111907.029,31.66796875,394.0,89.0,1.0,,,362.0,89.0
49,,0,0,1691257111939.385,32.35595703125,396.0,89.0,2.0,,,364.0,89.0
50,,0,0,1691257111975.562,36.177001953125,398.0,89.0,2.0,,,365.0,89.0
51,,0,0,1691257112007.425,31.863037109375,400.0,89.0,2.0,,,367.0,89.0
52,,0,0,1691257112039.328,31.90283203125,402.0,89.0,2.0,,,369.0,89.0
53,,0,0,1691257112075.281,35.953125,404.0,89.0,2.0,,,372.0,89.0
54,,0,0,1691257112110.559,35.278076171875,407.0,89.0,3.0,,,374.0,89.0
55,,0,0,1691257112138.793,28.23388671875,409.0,89.0,2.0,,,376.5,89.0
56,,0,0,1691257112175.013,36.219970703125,412.0,89.0,3.0,,,379.0,89.0
57,,0,0,1691257112211.056,36.04296875,415.0,89.0,3.0,,,382.0,89.0
58,,0,0,1691257112242.5,31.444091796875,418.0,89.0,3.0,,,386.0,89.0
59,,1,0,1691257112275.212,32.7119140625,421.0,89.0,3.0,,,388.0,89.0
60,,0,0,1691257112309.834,34.6220703125,425.0,89.0,4.0,0,0.0,392.0,89.0
61,,0,0,1691257112338.861,29.027099609375,429.0,89.0,4.0,0,0.0,396.0,89.0
62,,0,2,1691257112375.405,36.5439453125,433.0,89.0,4.0,0,0.0,400.0,89.0
63,,0,0,1691257112407.248,31.843017578125,437.0,89.0,4.0,0,0.0,404.0,89.0
64,,0,0,1691257112439.246,31.998046875,441.0,89.0,4.0,0,0.0,408.0,89.0
65,,0,0,1691257112478.17,38.923828125,445.0,89.0,4.0,0,0.0,412.0,89.0
66,,0,0,1691257112506.722,28.552001953125,449.0,89.5,4.031,0,0.0,416.0,89.0
67,,0,0,1691257112539.257,32.53515625,453.0,90.0,4.031,0,0.0,421.0,89.0
68,,0,0,1691257112575.318,36.06103515625,459.0,91.0,6.083,0,1.0,424.0,88.0
69,,0,0,1691257112607.308,31.989990234375,463.0,92.0,4.123,0,1.0,430.0,88.0
70,,0,0,1691257112642.517,35.208984375,467.0,93.0,4.123,0,1.0,434.0,88.0
71,,0,0,1691257112675.366,32.848876953125,471.5,95.0,4.924,0,2.0,440.0,87.0
72,,0,0,1691257112707.513,32.14697265625,477.0,96.5,5.701,0,1.5,445.0,87.5
73,,0,0,1691257112739.419,31.906005859375,481.0,98.5,4.472,0,1.612451549659703,450.0,88.0
74,,0,0,1691257112775.396,35.97705078125,485.5,101.5,5.408,0,1.8083888603589349,455.0,88.5
75,,0,0,1691257112807.412,32.01611328125,491.0,103.5,5.852,0,1.9402850002906638,461.0,89.5
76,,0,0,1691257112839.266,31.85400390625,495.0,107.0,5.315,0,2.42535625036333,467.0,90.5
77,,0,0,1691257112875.306,36.039794921875,499.5,110.0,5.408,0,2.6750269588864404,472.5,92.5
78,,0,0,1691257112907.678,32.3720703125,504.0,114.0,6.021,0,1.7888543819998317,478.0,95.0
79,,0,0,1691257112944.007,36.3291015625,509.0,118.5,6.727,0,1.94145068678831,483.0,97.5
80,,0,0,1691257112979.35,35.343017578125,513.0,123.5,6.403,0,2.1358941442919095,489.0,100.5
81,,0,0,1691257113007.358,28.0078125,517.0,128.5,6.403,0,2.2577300841206336,495.0,104.0
82,,0,0,1691257113042.432,35.073974609375,521.0,133.0,6.021,0,2.5,501.0,108.0
83,,0,0,1691257113075.243,32.81103515625,524.5,139.5,7.382,0,2.4157059753032777,506.5,113.0
84,,0,0,1691257113107.365,32.1220703125,527.0,145.5,6.5,0,2.576867071161991,511.5,117.5
85,,0,0,1691257113140.008,32.64306640625,530.0,152.0,7.159,0,3.045388356827818,516.5,123.0
86,,0,0,1691257113175.472,35.4638671875,532.0,159.0,7.28,0,3.3633419340764688,521.5,128.5
87,,0,0,1691257113211.995,36.523193359375,534.0,166.5,7.762,0,2.776870392062249,525.5,135.5
88,,0,0,1691257113243.646,31.65087890625,536.0,174.0,7.762,0,2.2692307692307736,528.0,142.0
89,,0,0,1691257113279.221,35.574951171875,536.0,182.0,8.0,0,2.6540351239243734,532.0,150.0
90,,0,0,1691257113307.222,28.0009765625,536.0,190.0,8.0,0,2.3351295871276823,534.0,157.5
91,,0,0,1691257113342.219,34.9970703125,536.0,197.5,7.5,0,2.318963855042969,536.0,165.0
92,,0,0,1691257113377.445,35.22607421875,535.0,205.5,8.062,0,2.1901325297628103,538.0,173.0
93,,0,0,1691257113407.379,29.933837890625,533.5,213.5,8.139,0,3.0,539.0,181.5
94,,0,0,1691257113439.401,32.02197265625,530.0,221.5,8.732,0,3.0,539.0,189.5
95,,0,0,1691257113475.817,36.416015625,528.0,229.0,7.762,0,3.0388509974356106,539.0,198.0
96,,0,0,1691257113507.288,31.47119140625,524.0,237.0,8.944,0,2.334321443968978,537.0,207.5
97,,0,0,1691257113539.642,32.35400390625,519.0,244.0,8.602,0,2.3762830874025953,535.0,216.0
98,,0,0,1691257113578.702,39.059814453125,515.0,251.0,8.062,0,2.576626505603287,532.0,224.0
99,,0,0,1691257113610.601,31.899169921875,509.0,258.0,9.22,0,3.1304951684996674,529.5,233.0
100,,0,0,1691257113639.394,28.79296875,503.0,263.5,8.139,0,3.138686246083127,525.0,241.0
101,,0,0,1691257113675.261,35.866943359375,497.0,269.0,8.139,0,2.604729426373335,520.0,247.5
102,,0,0,1691257113707.551,32.2900390625,489.5,274.0,9.014,0,2.6031654938238864,515.0,255.0
103,,0,0,1691257113741.839,34.2880859375,482.0,278.5,8.746,0,2.2114624206022384,509.0,261.0
104,,0,0,1691257113778.046,36.206787109375,474.0,282.0,8.732,0,2.2728919322855985,502.0,267.5
105,,0,0,1691257113807.769,29.72314453125,466.0,285.0,8.544,0,1.664100588675656,494.0,273.0
106,,0,0,1691257113843.58,35.81103515625,458.0,288.0,8.544,0,1.8007351439963624,488.0,277.0
107,,0,0,1691257113875.613,32.032958984375,449.0,289.5,9.124,0,2.204503587108409,479.5,282.0
108,,0,0,1691257113907.659,32.0458984375,440.5,290.5,8.559,0,2.0482200759322846,470.5,285.5
109,,0,3,1691257113939.535,31.8759765625,432.0,290.5,8.5,0,1.8726583551380889,462.0,288.5
110,,0,0,1691257113975.362,35.8271484375,423.0,290.5,9.0,0,2.3015858222749928,454.0,291.0
111,,0,0,1691257114007.143,31.781005859375,414.5,290.5,8.5,0,2.570507446482748,445.5,292.5
112,,0,0,1691257114039.252,32.10888671875,406.0,289.5,8.559,0,2.5,436.0,293.0
113,,0,0,1691257114074.963,35.7109375,397.0,289.5,9.0,0,2.0,428.0,292.5
114,,0,0,1691257114107.193,32.230224609375,388.5,289.5,8.5,0,2.0,419.0,292.5
115,,0,0,1691257114142.162,34.968994140625,380.0,290.5,8.559,0,1.4020949708087764,411.0,291.5
116,,0,0,1691257114174.994,32.831787109375,371.0,290.5,9.0,0,1.0,400.5,290.5
117,,0,0,1691257114207.694,32.7001953125,362.0,290.5,9.0,0,0.0,392.0,289.5
118,,0,0,1691257114239.365,31.6708984375,352.0,290.5,10.0,0,1.2560434113495464,382.0,289.0
119,,0,0,1691257114275.087,35.721923828125,343.0,290.5,9.0,0,2.0,373.5,288.5
120,,0,0,1691257114307.229,32.14208984375,334.0,290.5,9.0,0,2.0,364.0,288.5
121,,0,0,1691257114342.391,35.162109375,324.0,290.5,10.0,0,1.5,354.0,289.0
122,,0,0,1691257114375.523,33.1318359375,314.5,290.5,9.5,0,1.0,345.0,289.5
123,,0,0,1691257114407.109,31.5859375,305.0,290.5,9.5,0,1.0,336.0,289.5
124,,0,0,1691257114442.04,34.93115234375,296.0,290.5,9.0,0,0.0,326.0,290.5
125,,0,0,1691257114478.544,36.50390625,286.0,290.5,10.0,0,0.0,316.5,290.5
126,,0,0,1691257114510.898,32.35400390625,276.0,290.0,10.012,0,0.0,307.0,290.5
127,,0,0,1691257114542.737,31.839111328125,266.0,290.5,10.012,0,0.0,297.0,290.5
128,,0,0,1691257114579.559,36.822021484375,256.0,290.5,10.0,0,0.0,287.0,290.5
129,,0,0,1691257114611.0,31.44091796875,246.0,290.5,10.0,0,0.4494385524950358,277.0,290.5
130,,0,0,1691257114639.726,28.72607421875,236.0,290.5,10.0,0,0.4494385524950358,267.0,290.0
131,,0,0,1691257114680.164,40.43798828125,226.0,290.5,10.0,0,1.0,257.0,289.5
132,,0,0,1691257114710.424,30.260009765625,216.0,290.5,10.0,0,1.0,247.0,289.5
133,,0,0,1691257114744.003,33.578857421875,206.0,290.5,10.0,0,1.0,237.0,289.5
134,,0,0,1691257114780.312,36.30908203125,196.0,290.5,10.0,0,1.0,226.5,289.5
135,,0,0,1691257114811.167,30.85498046875,185.5,290.0,10.512,0,0.5,216.5,290.0
136,,0,0,1691257114842.91,31.742919921875,175.0,290.0,10.5,0,0.5,206.5,290.0
137,,0,0,1691257114875.693,32.783203125,165.0,290.0,10.0,0,0.04756514941543724,195.0,290.5
138,,0,0,1691257114909.781,34.087890625,154.5,290.0,10.5,0,0.5,185.0,290.5
139,,0,4,1691257114943.362,33.5810546875,144.0,290.0,10.5,0,0.5,174.5,290.5
140,,0,0,1691257114978.488,35.1259765625,134.0,289.5,10.012,0,0.5,164.5,290.5
141,,0,0,1691257115011.308,32.820068359375,123.0,289.0,11.011,0,0.5,153.0,290.5
142,,0,0,1691257115043.106,31.7978515625,113.0,286.5,10.308,0,0.5493137863827905,143.0,290.5
143,,0,0,1691257115078.688,35.58203125,103.0,283.5,10.44,0,1.54386047123408,133.0,291.0
144,,0,0,1691257115110.356,31.66796875,93.0,279.5,10.77,0,1.6977493752543102,122.0,290.5
145,,0,0,1691257115143.17,32.81396484375,84.0,274.0,10.548,0,3.927087769406722,111.0,290.0
146,,0,0,1691257115180.715,37.545166015625,77.0,268.0,9.22,0,5.292317138045962,100.0,288.0
147,,0,0,1691257115212.103,31.387939453125,69.5,262.0,9.605,0,5.830951894845301,90.0,284.5
148,,0,0,1691257115242.684,30.5810546875,63.5,255.5,8.846,0,7.3714069518266285,80.5,280.5
149,,0,0,1691257115279.88,37.19580078125,59.0,249.5,7.5,1,8.677218312746225,73.0,276.0
150,,0,0,1691257115307.675,27.795166015625,54.0,243.5,7.81,1,9.838946998982182,65.0,271.0
151,,0,0,1691257115339.445,31.77001953125,50.0,237.5,7.211,1,10.42855657952089,59.0,266.0
152,,0,0,1691257115376.25,36.804931640625,46.5,232.0,6.519,1,10.2,54.5,260.5
153,,0,0,1691257115407.323,31.072998046875,44.0,226.0,6.5,1,9.98687663476589,51.0,255.5
154,,0,0,1691257115439.42,32.096923828125,42.0,220.5,5.852,1,8.770526275403382,48.0,250.0
155,,0,0,1691257115475.49,36.070068359375,40.0,214.5,6.325,0,7.765802747153214,45.0,244.0
156,,0,0,1691257115507.68,32.18994140625,38.0,209.0,5.852,0,5.86728216468239,44.0,239.0
157,,0,0,1691257115539.714,32.0341796875,36.0,203.0,6.325,0,4.346153846153844,42.0,232.5
158,,0,0,1691257115576.141,36.427001953125,34.0,196.5,6.801,0,1.8795868469768662,42.0,226.0
159,,0,0,1691257115607.144,31.0029296875,34.0,190.0,6.5,0,1.739252713092611,40.0,220.0
160,,0,0,1691257115639.312,32.16796875,34.0,183.5,6.5,0,0.5980503604017302,39.0,213.5
161,,0,0,1691257115680.958,41.64599609375,34.0,177.0,6.5,0,0.47434164902526144,38.0,207.5
162,,0,0,1691257115707.422,26.464111328125,34.5,170.5,6.519,0,0.9925397398266379,34.5,201.5
163,,0,0,1691257115739.592,32.169921875,36.0,164.0,6.671,0,2.0,32.0,195.0
164,,0,0,1691257115775.483,35.890869140625,38.0,157.5,6.801,0,2.5,31.5,188.0
165,,0,0,1691257115807.258,31.775146484375,40.0,151.5,6.325,0,4.0,30.0,181.0
166,,0,0,1691257115839.375,32.116943359375,42.0,145.5,6.325,0,4.218307438660534,30.0,174.0
167,,0,0,1691257115875.35,35.97509765625,45.0,139.5,6.708,0,5.17176865407144,30.0,167.0
168,,0,0,1691257115907.388,32.037841796875,48.0,133.5,6.708,0,5.477348934598873,31.5,160.0
169,,0,0,1691257115939.203,31.81494140625,51.5,128.5,6.103,0,5.059644256269403,34.0,153.5
170,,0,0,1691257115975.466,36.26318359375,55.0,122.5,6.946,0,3.952847075210474,37.0,148.0
171,,0,0,1691257116007.395,31.928955078125,59.0,117.5,6.403,0,3.801315561749636,40.0,141.0
172,,0,0,1691257116039.637,32.241943359375,65.0,112.0,8.139,0,3.3541019662496847,43.5,135.0
173,,0,0,1691257116075.248,35.611083984375,69.0,107.0,6.403,0,2.9901965098945,47.5,129.0
174,,0,0,1691257116107.298,32.050048828125,76.0,103.0,8.062,0,2.08746567717121,52.0,123.5
175,,0,0,1691257116143.232,35.933837890625,82.0,99.0,7.211,0,1.2493900951088497,57.0,118.0
176,,0,0,1691257116175.014,31.781982421875,89.0,95.5,7.826,0,1.3514492570346939,63.0,112.0
177,,0,0,1691257116211.165,36.151123046875,96.5,93.0,7.906,0,1.4142135623730951,68.0,106.0
178,,0,0,1691257116239.243,28.077880859375,103.0,91.0,6.801,0,2.2946425899003566,74.0,101.5
179,,0,0,1691257116270.809,31.566162109375,111.0,89.0,8.246,0,1.8027756377319946,81.0,97.5
180,,0,0,1691257116307.093,36.283935546875,118.0,87.5,7.159,0,2.23606797749979,87.0,94.0
181,,0,0,1691257116339.235,32.14208984375,126.0,87.0,8.016,0,1.897366596101023,95.0,91.5
182,,0,0,1691257116371.16,31.9248046875,134.5,87.0,8.5,0,1.4552137502179943,103.0,89.5
183,,0,1,1691257116407.51,36.35009765625,142.5,88.0,8.062,0,1.3339459376998348,109.5,88.0
184,,0,0,1691257116439.336,31.825927734375,150.0,87.5,7.517,0,1.0825669584428512,117.5,86.5
185,,0,0,1691257116471.355,32.01904296875,158.5,87.5,8.5,0,1.0604308646380656,125.0,86.0
186,,0,0,1691257116507.789,36.43408203125,165.5,88.0,7.018,0,1.0,133.0,86.0
187,,0,0,1691257116539.146,31.35693359375,173.0,88.0,7.5,0,1.3023647131866851,141.0,86.5
188,,0,0,1691257116571.185,32.0390625,181.0,88.0,8.0,0,0.5986710947139596,148.5,87.0
189,,0,0,1691257116607.644,36.458984375,189.0,88.0,8.0,0,0.5,156.5,88.0
190,,0,0,1691257116639.005,31.36083984375,196.5,87.5,7.517,0,0.07124704998790357,164.5,88.0
191,,0,0,1691257116671.01,32.005126953125,205.0,88.0,8.515,0,1.0,172.5,89.0
192,,0,0,1691257116709.205,38.195068359375,213.0,87.5,8.016,0,1.0,181.0,89.0
193,,0,0,1691257116739.555,30.349853515625,221.0,88.0,8.016,0,1.0,189.0,89.0
194,,0,0,1691257116774.505,34.949951171875,230.0,87.5,9.014,0,1.4680505487867646,197.0,89.0
195,,0,0,1691257116807.38,32.875,238.0,88.0,8.016,0,1.0,205.0,89.0
196,,0,0,1691257116839.283,31.903076171875,246.0,88.0,8.0,0,0.998052578482885,213.0,88.5
197,,0,0,1691257116871.339,32.05615234375,254.0,88.0,8.0,0,0.5824352060364859,222.5,88.5
198,,0,0,1691257116911.901,40.561767578125,263.5,88.5,9.513,0,1.434700581569147,231.0,89.0
199,,0,0,1691257116940.398,28.4970703125,272.0,88.5,8.5,0,1.0,239.0,89.0
200,,0,0,1691257116970.991,30.593017578125,281.0,88.5,9.0,0,1.0,249.0,89.0
201,,0,0,1691257117007.215,36.22412109375,290.0,89.0,9.014,0,0.7883824968414542,258.0,89.0
202,,0,0,1691257117042.845,35.6298828125,300.0,89.0,10.0,0,0.5,267.0,89.0
203,,0,0,1691257117070.739,27.89404296875,308.0,89.0,8.0,0,1.5,276.5,90.0
204,,0,0,1691257117110.177,39.43798828125,318.0,89.0,10.0,0,1.2758104513180253,285.0,90.0
205,,0,0,1691257117143.067,32.889892578125,327.0,89.0,9.0,0,1.0,295.0,90.0
206,,0,0,1691257117174.735,31.668212890625,336.0,89.0,9.0,0,0.0,305.0,89.0
207,,0,0,1691257117209.456,34.720947265625,346.0,89.0,10.0,0,0.5,315.0,89.5
208,,0,0,1691257117239.662,30.2060546875,356.0,89.0,10.0,0,0.5,324.5,89.5
209,,0,0,1691257117271.058,31.39599609375,366.0,89.0,10.0,0,0.0,334.5,89.0
210,,0,0,1691257117307.375,36.31689453125,376.5,89.0,10.5,0,0.0,344.5,89.0
211,,0,0,1691257117343.793,36.41796875,387.0,89.0,10.5,0,0.0,354.5,89.0
212,,0,0,1691257117376.665,32.8720703125,397.0,89.0,10.0,0,0.0,365.0,89.0
213,,0,0,1691257117410.958,34.29296875,408.0,89.0,11.0,0,0.0,376.0,89.0
214,,1,0,1691257117442.995,32.037109375,419.0,89.0,11.0,0,0.0,387.0,89.0
215,,0,0,1691257117471.843,28.847900390625,431.0,89.0,12.0,0,0.0,398.0,89.0
216,,0,2,1691257117515.241,43.39794921875,442.0,89.0,11.0,0,0.0,409.0,89.0
217,,0,0,1691257117541.513,26.27197265625,454.0,90.0,12.042,0,0.0,421.0,89.0
218,,0,0,1691257117579.2,37.68701171875,465.0,92.5,11.281,0,0.5,432.5,88.5
219,,0,0,1691257117613.073,33.873046875,476.0,96.5,11.705,0,1.162636717952355,444.0,88.0
220,,0,0,1691257117647.152,34.0791015625,486.0,101.5,11.18,0,2.8810743466565794,456.0,87.5
221,,0,0,1691257117678.055,30.90283203125,495.0,107.0,10.548,0,4.955274414757212,468.5,88.5
222,,0,0,1691257117708.455,30.400146484375,503.0,114.0,10.63,0,6.708203932499369,480.0,91.0
223,,0,0,1691257117739.928,31.472900390625,509.0,121.0,9.22,1,8.58022288283357,491.0,94.5
224,,0,0,1691257117775.734,35.805908203125,515.0,127.5,8.846,1,10.404326023342406,501.0,98.5
225,,0,0,1691257117811.089,35.355224609375,519.0,134.5,8.062,1,11.147542290345644,508.5,104.0
226,,0,0,1691257117846.684,35.594970703125,524.0,141.0,8.201,1,12.473501324572753,516.0,110.0
227,,0,0,1691257117877.38,30.69580078125,526.5,148.0,7.433,1,11.841640126881437,520.5,116.0
228,,0,0,1691257117914.771,37.39111328125,529.5,154.5,7.159,1,11.411195582207156,525.0,122.0
229,,0,0,1691257117941.193,26.422119140625,532.0,160.5,6.5,1,10.791021909261108,528.0,128.5
230,,0,0,1691257117973.329,32.135986328125,533.5,166.5,6.185,1,8.718863880150593,530.0,134.5
231,,0,0,1691257118009.303,35.973876953125,534.0,173.0,6.519,0,7.702103491257755,532.0,140.5
232,,0,0,1691257118041.507,32.2041015625,536.0,179.0,6.325,0,5.622363880945116,532.0,146.5
233,,0,0,1691257118072.793,31.285888671875,536.0,185.5,6.5,0,3.6153846153845848,533.0,153.5
234,,0,0,1691257118111.981,39.18798828125,536.0,191.5,6.0,0,1.3076923076923055,533.0,159.5
235,,0,0,1691257118145.477,33.49609375,536.0,198.0,6.5,0,0.49852724275079296,534.0,166.5
236,,0,0,1691257118174.426,28.948974609375,535.0,204.5,6.576,0,1.0354027349439219,535.0,172.5
237,,0,0,1691257118209.146,34.719970703125,534.0,210.0,5.59,0,1.2649110640673966,537.0,178.0
238,,0,0,1691257118240.951,31.804931640625,532.0,216.0,6.325,0,2.0,538.0,184.5
239,,0,0,1691257118272.841,31.89013671875,530.0,222.0,6.325,0,3.0,539.0,191.0
240,,0,0,1691257118314.746,41.905029296875,528.0,228.0,6.325,0,3.0,539.0,197.5
241,,0,0,1691257118346.549,31.802978515625,525.0,234.0,6.708,0,2.9651150929517995,538.0,204.5
242,,0,0,1691257118378.895,32.345947265625,522.0,240.0,6.708,0,2.2135943621178833,536.0,211.0
243,,0,0,1691257118408.292,29.39697265625,518.5,246.0,6.946,0,2.3717082451262845,534.0,217.5
244,,0,0,1691257118441.497,33.205078125,514.5,252.0,7.211,0,2.6879360111430772,532.0,224.5
245,,0,0,1691257118472.537,31.0400390625,509.0,257.0,7.433,0,2.23606797749979,529.0,231.0
246,,0,0,1691257118509.368,36.830810546875,505.0,262.0,6.403,0,2.4596747752498067,526.0,237.5
247,,0,0,1691257118541.175,31.80712890625,499.0,266.5,7.5,0,2.2674196148584063,522.0,244.5
248,,0,0,1691257118572.803,31.6279296875,493.5,271.5,7.433,0,1.8027756377319946,518.0,250.0
249,,0,0,1691257118608.982,36.178955078125,487.5,275.5,7.211,0,1.5807810658913573,513.0,255.5
250,,0,0,1691257118643.728,34.74609375,481.0,278.5,7.159,0,2.030258904551852,508.0,261.5
251,,0,0,1691257118676.831,33.10302734375,475.0,281.5,6.708,0,1.7999999999999887,502.0,266.5
252,,0,0,1691257118708.701,31.869873046875,469.0,284.5,6.708,0,1.6816819849907774,496.0,271.5
253,,0,0,1691257118740.887,32.18603515625,461.0,287.0,8.382,0,1.8027756377319946,490.0,276.0
254,,0,0,1691257118773.057,32.169921875,454.0,288.5,7.159,0,2.619113609135926,484.0,280.0
255,,0,0,1691257118813.437,40.380126953125,447.0,290.0,7.159,0,2.23606797749979,477.0,283.0
256,,0,0,1691257118842.413,28.97607421875,439.0,290.5,8.016,0,1.9089599560700459,469.0,286.5
257,,0,3,1691257118873.789,31.3759765625,431.0,290.5,8.0,0,2.2072349492059895,462.0,289.0
258,,0,0,1691257118913.334,39.544921875,424.0,290.5,7.0,0,2.4445060351935077,454.0,291.0
259,,0,0,1691257118947.332,33.998046875,416.0,290.5,8.0,0,2.432753160052034,446.0,292.5
260,,0,0,1691257118972.134,24.802001953125,408.0,289.5,8.062,0,2.0,438.0,292.5
261,,0,0,1691257119014.202,42.06787109375,400.0,289.5,8.0,0,2.0,430.0,292.5
262,,0,0,1691257119046.547,32.34521484375,392.0,289.5,8.0,0,2.0,423.0,292.5
263,,0,0,1691257119078.181,31.6337890625,383.0,290.5,9.055,0,1.2403473458920775,414.0,291.5
264,,0,0,1691257119109.653,31.47216796875,375.0,290.5,8.0,0,1.0,405.5,290.5
265,,0,0,1691257119141.348,31.69482421875,366.0,290.5,9.0,0,0.0,396.0,289.5
266,,0,0,1691257119178.766,37.418212890625,357.0,290.5,9.0,0,1.4908256020104473,387.5,288.5
267,,0,0,1691257119208.964,30.197998046875,348.0,290.5,9.0,0,2.0,378.0,288.5
268,,0,0,1691257119244.189,35.224853515625,338.0,290.5,10.0,0,2.0,368.0,288.5
269,,0,0,1691257119272.578,28.388916015625,328.0,290.5,10.0,0,2.0,358.0,288.5
270,60,0,0,1691257119309.856,37.278076171875,318.0,290.5,10.0,0,1.5,348.5,289.0
271,60,0,0,1691257119341.033,31.177001953125,308.0,290.5,10.0,0,1.0,338.5,289.5
272,60,0,0,1691257119373.343,32.31005859375,298.0,290.5,10.0,0,0.0,328.5,290.5
273,60,0,0,1691257119409.726,36.383056640625,286.5,290.5,11.5,0,0.0,317.0,290.5
274,60,0,0,1691257119441.212,31.48583984375,276.0,290.0,10.512,0,1.0,307.0,291.5
275,60,0,0,1691257119472.928,31.716064453125,264.5,290.0,11.5,0,1.0,296.0,291.5
276,60,0,0,1691257119509.578,36.64990234375,254.0,290.5,10.512,0,1.093998436555331,284.5,291.5
277,60,0,0,1691257119541.538,31.960205078125,242.0,290.5,12.0,0,0.5,273.0,290.5
278,60,0,0,1691257119573.28,31.741943359375,230.0,290.5,12.0,0,0.2853908964926775,260.0,290.5
279,60,0,0,1691257119609.195,35.9150390625,218.0,290.5,12.0,0,1.0,249.0,289.5
280,60,0,0,1691257119641.434,32.239013671875,206.0,290.5,12.0,0,1.0,236.5,289.5
281,60,0,0,1691257119672.895,31.4609375,194.0,290.5,12.0,0,1.0,224.0,289.5
282,60,0,0,1691257119709.052,36.156982421875,181.0,290.0,13.01,0,1.0,211.5,289.5
283,60,0,0,1691257119741.007,31.955078125,168.0,290.0,13.0,0,1.0,199.0,289.5
284,60,0,0,1691257119773.258,32.2509765625,156.0,290.0,12.0,0,0.23059873260724822,187.0,290.0
285,60,0,4,1691257119809.22,35.9619140625,143.0,290.0,13.0,0,0.5,173.5,290.5
286,60,0,0,1691257119841.363,32.14306640625,130.0,289.0,13.038,0,0.0,161.0,290.0
287,60,0,0,1691257119872.875,31.511962890625,117.0,287.5,13.086,0,0.5,148.0,290.5
288,60,0,0,1691257119915.119,42.243896484375,105.0,284.0,12.5,0,1.1120992338287023,135.0,290.5
289,60,0,0,1691257119941.874,26.755126953125,93.0,279.0,13.0,0,2.521730375672884,121.0,290.5
290,60,0,0,1691257119974.569,32.695068359375,83.0,272.5,11.927,0,5.539999999999996,107.5,290.5
291,60,0,0,1691257120008.835,34.265869140625,75.0,265.5,10.63,0,7.538461538461548,95.0,288.0
292,60,0,0,1691257120041.589,32.754150390625,67.0,258.5,10.63,1,10.333817570905342,82.5,284.5
293,60,0,0,1691257120074.712,33.122802734375,61.5,252.5,8.139,1,13.546380504723789,71.0,280.0
294,60,0,0,1691257120114.069,39.357177734375,57.5,246.5,7.211,1,17.403336065096568,60.0,275.5
295,60,0,0,1691257120145.74,31.6708984375,54.0,241.0,6.519,1,18.121705946601573,52.5,269.5
296,60,0,0,1691257120172.277,26.537109375,52.0,237.0,4.472,,,,
297,60,0,0,1691257120209.286,37.0087890625,50.0,234.0,3.606,,,,
298,60,0,0,1691257120241.698,32.412109375,49.0,232.0,2.236,,,,
299,60,0,0,1691257120278.555,36.85693359375,48.0,231.0,1.414,1,17.889081328263646,45.0,260.0
300,60,0,0,1691257120308.602,30.047119140625,47.0,230.0,1.414,1,17.057031033925792,46.0,260.0
301,60,0,0,1691257120341.652,33.050048828125,46.0,229.0,1.414,1,14.838230249024877,48.0,259.0
302,60,0,0,1691257120379.339,37.68701171875,46.0,229.0,0.0,1,12.342079366011342,51.0,259.0
303,60,0,0,1691257120415.6,36.260986328125,46.0,228.0,1.0,1,9.013878188659973,54.0,257.5
304,60,0,0,1691257120446.315,30.71484375,44.0,227.5,2.062,0,5.824352060364904,56.5,255.5
305,60,0,0,1691257120473.375,27.06005859375,43.0,226.5,1.414,0,2.2188007849009144,59.5,253.5
306,60,0,0,1691257120508.76,35.385009765625,42.0,225.5,1.414,0,0.8320502943378397,61.5,251.0
307,60,0,0,1691257120540.908,32.14794921875,41.5,225.0,0.707,0,2.3574758339572295,62.0,249.0
308,60,0,0,1691257120572.716,31.80810546875,41.0,224.0,1.118,0,2.912176030182449,62.0,248.0
309,60,0,0,1691257120613.601,40.885009765625,41.0,223.5,0.5,0,3.46687622640769,62.0,247.0
310,60,0,0,1691257120645.803,32.201904296875,41.0,222.5,1.0,0,1.8027756377319946,60.0,247.0
311,60,0,0,1691257120679.054,33.2509765625,41.0,221.5,1.0,0,0.0,58.5,248.0
312,60,0,0,1691257120716.588,37.533935546875,40.0,221.0,1.118,0,2.0801257358446152,56.0,248.0
313,60,0,0,1691257120741.925,25.337158203125,40.0,220.0,1.0,0,3.758128445352123,54.0,248.0
314,60,0,0,1691257120780.874,38.948974609375,40.0,218.5,1.5,0,5.177013674719751,52.0,247.5
315,60,0,0,1691257120809.09,28.216064453125,40.0,217.0,1.5,0,6.059023411894223,50.0,246.0
316,60,0,0,1691257120841.651,32.560791015625,38.0,215.0,2.828,0,6.946221994724902,48.0,244.5
317,60,0,0,1691257120878.819,37.168212890625,38.0,213.0,2.0,0,5.813776741499454,48.0,242.0
318,60,0,0,1691257120908.825,30.005859375,37.5,210.5,2.55,0,4.919349550499531,48.0,240.0
319,60,0,0,1691257120943.476,34.651123046875,36.0,207.5,3.354,0,4.576276618858144,46.5,237.0
320,60,0,0,1691257120973.358,29.8818359375,36.0,204.5,3.0,0,3.5355339059327378,46.0,234.0
321,60,0,0,1691257121009.286,35.927978515625,34.5,201.5,3.354,0,1.4142135623730951,46.0,231.0
322,60,0,0,1691257121041.537,32.251220703125,34.0,198.5,3.041,0,0.4850712500726642,44.0,228.0
323,60,0,0,1691257121073.133,31.595947265625,34.0,195.5,3.0,0,0.3535533905932738,42.5,225.5
324,60,0,0,1691257121109.36,36.22705078125,34.0,192.5,3.0,0,0.5,40.5,222.5
325,60,0,0,1691257121140.885,31.52490234375,34.0,188.5,4.0,0,0.0,40.0,219.0
326,60,0,0,1691257121173.069,32.18408203125,34.0,185.5,3.0,0,0.7071067811865476,38.0,216.0
327,60,0,0,1691257121208.8,35.73095703125,34.0,181.5,4.0,0,0.8825226081218281,37.0,212.5
328,60,0,0,1691257121241.233,32.432861328125,34.0,177.5,4.0,0,0.4472135954999516,36.0,208.5
329,60,0,0,1691257121273.373,32.14013671875,34.0,173.5,4.0,0,0.0,36.0,204.5
330,60,0,0,1691257121313.463,40.08984375,35.0,169.5,4.123,0,0.3287979746107146,34.0,200.5
331,60,0,0,1691257121343.547,30.084228515625,36.0,164.5,5.099,0,0.0,34.0,196.0
332,60,0,0,1691257121372.523,28.975830078125,36.5,160.5,4.031,0,0.0,34.0,191.0
333,60,0,0,1691257121413.628,41.10498046875,38.0,155.5,5.22,0,0.5,33.5,187.0
334,60,0,0,1691257121442.538,28.91015625,40.0,151.5,4.472,0,0.0,34.0,182.0
335,60,0,0,1691257121472.439,29.90087890625,41.5,146.5,5.22,0,0.0,34.0,177.0
336,60,0,0,1691257121510.483,38.0439453125,42.5,141.5,5.099,0,0.48507125007266594,34.0,171.5
337,60,0,0,1691257121541.088,30.60498046875,46.0,136.5,6.103,0,1.5689290811054764,34.0,166.5
338,60,0,0,1691257121579.036,37.947998046875,48.0,132.0,4.924,0,0.9922778767136641,35.5,160.5
339,60,0,0,1691257121614.188,35.152099609375,51.0,127.5,5.408,0,1.118033988749895,37.0,155.0
340,60,0,0,1691257121645.654,31.466064453125,55.0,122.5,6.403,0,2.346674398791817,38.0,150.0
341,60,0,0,1691257121678.212,32.557861328125,58.0,118.5,5.0,0,0.980580675690916,41.0,144.0
342,60,0,0,1691257121709.569,31.357177734375,63.0,114.0,6.727,0,1.597502245012129,43.0,138.0
343,60,0,0,1691257121740.907,31.337890625,67.0,109.5,6.021,0,1.624553864213791,46.0,132.5
344,60,0,0,1691257121773.259,32.35205078125,72.5,105.5,6.801,0,1.525425539619374,49.5,127.0
345,60,0,0,1691257121808.791,35.531982421875,77.0,102.0,5.701,0,1.8740851426632716,53.0,122.0
346,60,0,0,1691257121841.048,32.257080078125,83.0,99.0,6.708,0,1.4865882924943306,58.0,116.5
347,60,0,0,1691257121872.955,31.906982421875,89.0,95.5,6.946,0,1.9930915164897591,63.0,111.0
348,60,0,0,1691257121915.911,42.955810546875,96.5,93.0,7.906,0,1.8380365552345173,68.0,106.5
349,60,0,0,1691257121947.628,31.717041015625,103.0,91.0,6.801,0,1.841821840544765,74.0,102.0
350,60,0,0,1691257121972.961,25.3330078125,110.0,89.0,7.28,0,1.3416407864998738,81.0,98.5
351,60,0,0,1691257122008.449,35.488037109375,117.0,88.0,7.071,0,1.871520951946609,87.0,94.5
352,60,0,0,1691257122047.581,39.132080078125,125.0,87.5,8.016,0,1.739252713092613,94.0,92.0
353,60,0,0,1691257122079.287,31.7060546875,133.0,87.0,8.016,0,2.4997297151189537,101.0,89.0
354,60,0,0,1691257122116.681,37.393798828125,141.0,88.0,8.062,0,1.717007049358609,109.0,87.5
355,60,0,1,1691257122148.433,31.752197265625,149.0,88.0,8.0,0,2.545584412271567,116.5,85.5
356,60,0,0,1691257122172.908,24.474853515625,157.0,88.0,8.0,0,2.5886988754399973,123.5,85.0
357,60,0,0,1691257122208.654,35.74609375,165.0,88.0,8.0,0,2.0896725861985552,131.5,85.0
358,60,0,0,1691257122240.473,31.81884765625,173.0,88.0,8.0,0,2.2946425899003637,139.5,85.5
359,60,0,0,1691257122272.517,32.044189453125,181.0,87.5,8.016,0,1.0,147.5,87.0
360,60,0,0,1691257122309.728,37.2109375,189.0,88.0,8.016,0,0.0,156.0,88.0
361,60,0,0,1691257122341.252,31.52392578125,197.5,87.5,8.515,0,1.0,164.5,89.0
362,60,0,0,1691257122373.363,32.111083984375,206.0,88.0,8.515,0,2.0,173.0,90.0
363,60,0,0,1691257122410.762,37.39892578125,214.0,88.0,8.0,0,2.401564016974456,182.5,90.0
364,60,0,0,1691257122446.294,35.531982421875,224.0,88.0,10.0,0,2.172714812204399,192.0,90.0
365,60,0,0,1691257122478.171,31.876953125,234.0,88.0,10.0,0,2.290158856107338,201.0,90.0
366,60,0,0,1691257122514.622,36.451171875,243.0,88.0,9.0,0,1.5,210.5,89.5
367,60,0,0,1691257122545.573,30.950927734375,252.0,88.5,9.014,0,1.0,220.0,89.0
368,60,0,0,1691257122578.521,32.947998046875,262.0,88.5,10.0,0,1.0,230.0,89.0
369,60,0,0,1691257122613.82,35.299072265625,272.0,89.0,10.012,0,0.0,240.5,88.0
370,60,0,0,1691257122646.623,32.802978515625,284.0,89.0,12.0,0,0.08320502943377807,250.5,88.5
371,60,0,0,1691257122677.504,30.880859375,294.0,89.0,10.0,0,0.5,261.0,89.0
372,60,0,0,1691257122714.594,37.090087890625,304.0,89.0,10.0,0,0.0,272.0,89.0
373,60,0,0,1691257122743.691,29.096923828125,314.0,89.0,10.0,0,0.0,282.0,89.0
374,60,0,0,1691257122773.603,29.912109375,326.0,89.0,12.0,0,1.0,293.0,90.0
375,60,0,0,1691257122809.115,35.511962890625,336.0,89.0,10.0,0,1.0,304.0,90.0
376,60,0,0,1691257122840.731,31.615966796875,348.0,89.0,12.0,0,0.5,316.0,89.5
377,60,0,0,1691257122872.826,32.094970703125,360.0,89.0,12.0,0,1.0,327.0,90.0
378,60,0,0,1691257122909.496,36.670166015625,371.0,89.0,11.0,0,1.0,338.5,90.0
379,60,0,0,1691257122940.545,31.048828125,383.0,89.0,12.0,0,0.0,350.5,89.0
380,60,0,0,1691257122973.303,32.758056640625,395.0,89.0,12.0,0,0.0,362.5,89.0
381,60,0,0,1691257123009.192,35.888916015625,407.0,89.0,12.0,0,0.0,374.5,89.0
382,60,1,0,1691257123041.745,32.55322265625,420.0,89.0,13.0,0,0.0,387.5,89.0
383,60,0,2,1691257123072.958,31.212890625,433.0,89.0,13.0,0,0.0,400.0,89.0
384,60,0,0,1691257123109.012,36.053955078125,446.0,89.5,13.01,0,0.0,413.5,89.0
385,60,0,0,1691257123141.283,32.27099609375,459.0,91.5,13.153,0,0.5,426.0,88.5
386,60,0,0,1691257123173.033,31.75,472.0,95.0,13.463,0,1.2298599072385417,439.0,88.0
387,60,0,0,1691257123208.986,35.953125,484.0,100.0,13.0,0,2.5469578362535126,453.0,88.0
388,60,0,0,1691257123241.048,32.06201171875,494.0,107.0,12.207,0,4.846648326421058,466.5,88.5
389,60,0,0,1691257123272.917,31.868896484375,502.0,114.0,10.63,0,7.230769230769222,480.0,90.5
390,60,0,0,1691257123308.673,35.756103515625,509.0,121.0,9.899,1,10.486168582643707,493.0,93.5
391,60,0,0,1691257123345.405,36.73193359375,515.0,128.5,9.605,1,12.981947983693654,504.0,98.5
392,60,0,0,1691257123373.521,28.115966796875,520.0,135.5,8.602,1,15.90990257669732,514.0,103.5
393,60,0,0,1691257123408.663,35.14208984375,522.0,141.5,6.325,1,17.327723451163457,521.5,109.0
394,60,0,0,1691257123446.584,37.9208984375,525.5,146.5,6.103,1,18.116156379078287,527.0,114.5
395,60,0,0,1691257123477.956,31.3720703125,527.5,151.5,5.385,,,,
396,60,0,0,1691257123508.725,30.76904296875,528.5,156.0,4.61,,,,
397,60,0,0,1691257123541.459,32.73388671875,530.0,160.0,4.272,1,18.580904176062045,537.0,128.0
398,60,0,0,1691257123573.762,32.302978515625,532.0,164.5,4.924,1,17.234413247917686,537.0,132.0
399,60,0,0,1691257123608.553,34.791015625,533.0,167.5,3.162,1,15.729252873965546,537.0,135.5
400,60,0,0,1691257123646.503,37.949951171875,534.0,170.5,3.162,1,13.189633920356547,536.0,138.5
401,60,0,0,1691257123672.895,26.39208984375,534.0,173.5,3.0,1,10.735455276791944,535.0,141.5
402,60,0,0,1691257123709.199,36.303955078125,536.0,177.0,4.031,0,6.592184505285362,532.0,145.0
403,60,0,0,1691257123740.705,31.506103515625,536.0,180.5,3.5,0,3.4353637562755015,530.0,148.5
404,60,0,0,1691257123778.433,37.72802734375,536.5,183.5,3.041,0,0.16269784336396131,528.0,153.0
405,60,0,0,1691257123809.606,31.1728515625,538.0,186.5,3.354,0,0.6437263095787048,528.0,156.5
406,60,0,0,1691257123846.269,36.6630859375,538.0,189.5,3.0,0,1.521534913549664,528.0,159.0
407,60,0,0,1691257123877.924,31.655029296875,537.0,191.5,2.236,0,0.40613846605345916,530.0,161.0
408,60,0,0,1691257123909.347,31.4228515625,536.0,194.0,2.693,0,0.6092076990801367,532.0,163.0
409,60,0,0,1691257123941.023,31.676025390625,536.0,196.0,2.0,0,1.8973665961009827,534.0,164.5
410,60,0,0,1691257123972.711,31.68798828125,536.0,198.5,2.5,0,3.1622776601683795,536.0,166.5
411,60,0,0,1691257124009.142,36.43115234375,535.5,200.5,2.062,0,4.4271887242357755,538.0,168.5
412,60,0,0,1691257124041.561,32.4189453125,535.5,202.5,2.0,0,5.0,539.0,171.5
413,60,0,0,1691257124073.271,31.7099609375,534.0,205.5,3.354,0,4.093146241443893,539.0,174.0
414,60,0,0,1691257124109.163,35.89208984375,534.0,209.5,4.0,0,2.0,538.0,178.0
415,60,0,0,1691257124145.251,36.087890625,533.5,212.5,3.041,0,1.8905883540116415,538.0,181.0
416,60,0,0,1691257124173.361,28.110107421875,532.0,217.0,4.743,0,0.2236067977500171,537.0,185.0
417,60,0,0,1691257124209.331,35.969970703125,531.0,221.0,4.123,0,0.8944271909998778,537.0,189.5
418,60,0,0,1691257124241.287,31.9560546875,530.0,225.5,4.61,0,0.9284766908852277,537.0,194.0
419,60,0,0,1691257124272.955,31.66796875,528.0,230.0,4.924,0,0.12126781251817338,536.0,199.0
420,60,0,0,1691257124308.574,35.618896484375,525.0,235.0,5.831,0,1.341640786499912,536.0,204.5
421,60,0,0,1691257124346.323,37.7490234375,522.5,239.5,5.148,0,2.1371868349696634,536.0,210.5
422,60,0,0,1691257124375.1,28.777099609375,519.0,244.5,6.103,0,1.5811388300841898,534.0,216.0
423,60,0,0,1691257124409.041,33.94091796875,516.0,249.0,5.408,0,3.0316953129542172,534.0,221.5
424,60,0,0,1691257124446.093,37.052001953125,513.0,253.5,5.408,0,2.6399000293474324,532.0,227.5
425,60,0,0,1691257124477.262,31.1689453125,508.5,258.0,6.364,0,3.0869745325651445,529.5,233.5
426,60,0,0,1691257124515.984,38.721923828125,504.5,262.5,6.021,0,3.059550466425357,526.0,239.5
427,60,0,0,1691257124544.503,28.51904296875,499.0,267.5,7.433,0,2.7444269337388043,522.0,245.0
428,60,0,0,1691257124573.31,28.80712890625,493.5,271.5,6.801,0,2.496150883013547,518.0,250.5
429,60,0,0,1691257124608.92,35.60986328125,487.5,275.5,7.211,0,1.4142135623730951,513.0,255.5
430,60,0,0,1691257124645.067,36.14697265625,481.0,279.0,7.382,0,1.6193868571479342,508.0,261.0
431,60,0,0,1691257124675.507,30.440185546875,475.0,282.0,6.708,0,1.2780783085930165,502.0,266.5
432,60,0,0,1691257124711.245,35.738037109375,467.5,285.0,8.078,0,1.470429244187582,496.0,271.5
433,60,0,0,1691257124741.913,30.66796875,461.0,287.0,6.801,0,2.634825932069823,490.0,277.0
434,60,0,0,1691257124772.934,31.02099609375,453.0,288.5,8.139,0,2.23606797749979,482.0,281.0
435,60,0,0,1691257124808.658,35.723876953125,445.0,290.0,8.139,0,2.506887065390211,475.5,284.5
436,60,0,0,1691257124841.976,33.318115234375,437.0,290.5,8.016,0,2.389447521804896,467.5,287.5
437,60,0,3,1691257124872.914,30.93798828125,428.5,290.5,8.5,0,3.163619851694873,459.5,290.5
438,60,0,0,1691257124908.9,35.98583984375,420.0,290.5,8.5,0,3.0714755841697663,451.0,292.0
439,60,0,0,1691257124941.773,32.873046875,412.0,290.0,8.016,0,2.307996587741673,442.0,292.5
440,60,0,0,1691257124972.987,31.214111328125,403.0,289.5,9.014,0,2.0,434.0,292.5
441,60,0,0,1691257125009.213,36.225830078125,395.0,289.5,8.0,0,2.0,425.5,292.5
442,60,0,0,1691257125041.641,32.42822265625,386.0,290.0,9.014,0,1.2475657231036072,416.0,291.5
443,60,0,0,1691257125077.15,35.5087890625,377.0,290.5,9.014,0,0.7488452649040688,407.5,290.5
444,60,0,0,1691257125115.225,38.0751953125,368.0,290.5,9.0,0,0.0,398.0,289.5
445,60,0,0,1691257125148.62,33.39501953125,358.0,290.5,10.0,0,0.3605551275464115,388.5,289.5
446,60,0,0,1691257125179.122,30.501953125,349.0,290.5,9.0,0,0.8320502943378626,380.0,289.5
447,60,0,0,1691257125209.702,30.579833984375,340.0,290.5,9.0,0,1.0,370.0,289.5
448,60,0,0,1691257125246.499,36.797119140625,330.0,290.5,10.0,0,1.0,360.0,289.5
449,60,0,0,1691257125279.52,33.02099609375,320.5,290.5,9.5,0,1.0,352.0,289.5
450,60,0,0,1691257125314.589,35.069091796875,311.0,290.5,9.5,0,0.5,342.0,290.0
451,60,0,0,1691257125345.915,31.325927734375,302.0,290.5,9.0,0,0.0,332.0,290.5
452,60,0,0,1691257125380.351,34.43603515625,292.0,290.5,10.0,0,0.0,322.0,290.5
453,60,0,0,1691257125408.091,27.739990234375,282.0,290.5,10.0,0,0.0,312.0,290.5
454,60,0,0,1691257125440.644,32.552978515625,272.0,290.5,10.0,0,0.0,302.0,290.5
455,60,0,0,1691257125472.618,31.973876953125,262.0,290.5,10.0,0,0.0,292.5,290.5
456,60,0,0,1691257125514.74,42.1220703125,252.0,290.5,10.0,0,0.5,281.5,290.0
457,60,0,0,1691257125546.506,31.76611328125,242.0,290.5,10.0,0,0.5,272.0,290.0
458,60,0,0,1691257125579.933,33.427001953125,232.0,290.5,10.0,0,0.5,262.5,290.0
459,60,0,0,1691257125608.353,28.419921875,222.0,290.5,10.0,0,1.0,252.0,289.5
460,60,0,0,1691257125647.507,39.154052734375,211.0,290.5,11.0,0,1.0,242.0,289.5
461,60,0,0,1691257125677.149,29.641845703125,200.5,290.5,10.5,0,0.5,231.0,290.0
462,60,0,0,1691257125715.135,37.986083984375,190.0,290.5,10.5,0,0.0,221.0,290.5
463,60,0,0,1691257125745.406,30.27099609375,180.0,290.0,10.012,0,0.5,211.0,290.0
464,60,0,0,1691257125777.789,32.383056640625,170.0,290.0,10.0,0,0.0,200.0,290.5
465,60,0,0,1691257125808.492,30.702880859375,159.0,290.0,11.0,0,0.474407360966989,189.5,290.0
466,60,0,0,1691257125841.149,32.656982421875,148.5,290.0,10.5,0,0.5,179.0,290.5
467,60,0,4,1691257125872.393,31.244140625,138.5,290.0,10.0,0,0.0,169.0,290.0
468,60,0,0,1691257125908.701,36.307861328125,127.5,289.0,11.045,0,0.0,158.5,290.0
469,60,0,0,1691257125941.275,32.573974609375,117.5,287.5,10.112,0,0.0,148.0,290.0
470,60,0,0,1691257125973.063,31.7880859375,107.0,284.5,10.92,0,0.6337502222976144,137.0,290.5
471,60,0,0,1691257126009.073,36.010009765625,98.5,281.5,9.014,0,1.557574755767582,127.0,290.5
472,60,0,0,1691257126041.522,32.448974609375,89.0,277.0,10.512,0,2.4723408821707418,117.5,290.0
473,60,0,0,1691257126072.998,31.47607421875,81.0,272.0,9.434,0,3.3653338167429045,107.0,288.0
474,60,0,0,1691257126109.357,36.35888671875,73.0,265.5,10.308,0,4.742686677725724,97.0,286.0
475,60,0,0,1691257126145.091,35.734130859375,67.0,259.5,8.485,0,5.826730803392534,87.0,282.5
476,60,0,0,1691257126175.584,30.492919921875,61.5,252.5,8.902,0,6.412987174038459,78.5,278.0
477,60,0,0,1691257126209.394,33.81005859375,56.0,246.5,8.139,0,7.3973365636081665,70.5,273.0
478,60,0,0,1691257126241.469,32.074951171875,52.0,240.0,7.632,1,8.838834764831844,63.0,268.0
479,60,0,0,1691257126277.319,35.85009765625,48.0,233.5,7.632,1,9.716648044019946,57.0,262.5
480,60,0,0,1691257126308.635,31.31591796875,44.5,227.0,7.382,1,9.705862845976426,52.0,256.5
481,60,0,0,1691257126340.675,32.0400390625,42.0,220.0,7.433,1,10.08887544403844,46.0,249.5
482,60,0,0,1691257126379.676,39.0009765625,39.0,213.0,7.616,1,10.350924156870617,42.0,243.5
483,60,0,0,1691257126413.647,33.970947265625,38.0,205.5,7.566,1,9.989960556809297,38.0,236.0
484,60,0,0,1691257126444.41,30.762939453125,36.5,198.5,7.159,1,10.39279466724303,34.0,228.5
485,60,0,0,1691257126477.495,33.085205078125,35.0,190.5,8.139,1,10.044942113768768,31.5,221.0
486,60,0,0,1691257126514.451,36.955810546875,35.0,183.0,7.5,1,8.987132966189222,30.0,213.5
487,60,0,0,1691257126545.074,30.623046875,36.0,175.5,7.566,1,9.778024140774098,28.0,205.5
488,60,0,0,1691257126573.032,27.9580078125,36.0,168.5,7.0,1,9.644433334293034,26.5,197.5
489,60,0,0,1691257126614.768,41.736083984375,38.0,161.0,7.762,1,9.0,26.0,189.5
490,60,0,0,1691257126646.069,31.301025390625,40.0,154.0,7.28,1,8.0156097709407,27.0,182.5
491,60,0,0,1691257126676.74,30.6708984375,42.0,147.0,7.28,0,7.995905065506587,28.0,175.0
492,60,0,0,1691257126709.068,32.328125,44.0,139.5,7.762,0,6.082762530298219,30.0,167.5
493,60,0,0,1691257126743.454,34.385986328125,48.0,132.5,8.062,0,5.0888373485665666,33.0,160.0
494,60,0,0,1691257126780.564,37.10986328125,52.0,125.5,8.062,0,4.395538046358052,36.0,152.0
495,60,0,0,1691257126813.452,32.887939453125,57.0,118.5,8.602,0,2.9309126501237768,39.5,145.0
496,60,0,0,1691257126840.708,27.256103515625,63.0,112.5,8.485,0,2.3566599571949625,43.0,136.5
497,60,0,0,1691257126878.35,37.64208984375,71.0,106.5,10.0,0,2.4186773244895607,47.5,128.5
498,60,0,0,1691257126908.851,30.5009765625,78.0,101.5,8.602,0,2.092457497388743,53.0,120.5
499,60,0,0,1691257126946.52,37.6689453125,85.5,97.5,8.5,0,2.4748737341529163,59.0,113.0
500,60,0,0,1691257126978.573,32.052978515625,95.0,94.5,9.962,0,4.000000000000005,65.0,106.0
501,60,0,0,1691257127014.025,35.451904296875,103.0,91.5,8.544,0,4.126791175405586,73.0,100.0
502,60,0,0,1691257127046.469,32.444091796875,112.5,90.0,9.618,0,4.764705882352941,81.0,94.5
503,60,0,0,1691257127075.527,29.05810546875,121.0,88.5,8.631,0,5.922250236096253,88.0,90.5
504,60,0,0,1691257127108.95,33.4228515625,129.0,87.5,8.062,0,6.0276190806007195,96.5,87.5
505,60,0,0,1691257127140.802,31.85205078125,139.0,87.5,10.0,0,5.536671358291884,105.5,85.5
506,60,0,1,1691257127173.719,32.9169921875,147.0,88.0,8.016,0,5.242524239589611,113.5,84.5
507,60,0,0,1691257127209.019,35.300048828125,156.0,88.0,9.0,0,3.3489378339086304,122.0,85.0
508,60,0,0,1691257127241.037,32.01806640625,165.0,87.5,9.014,0,1.5,131.0,86.0
509,60,0,0,1691257127272.557,31.519775390625,173.0,88.0,8.016,0,0.561404575396623,140.0,87.0
510,60,0,0,1691257127309.196,36.63916015625,182.0,88.0,9.0,0,0.0,148.5,88.0
511,60,0,0,1691257127340.677,31.48095703125,191.0,88.0,9.0,0,0.11094003924505055,158.0,88.0
512,60,0,0,1691257127373.244,32.56689453125,200.0,88.0,9.0,0,0.873296006172524,167.0,88.5
513,60,0,0,1691257127409.045,35.801025390625,208.0,88.0,8.0,0,0.5,176.0,88.5
514,60,0,0,1691257127446.138,37.093017578125,218.0,88.0,10.0,0,0.5,185.0,88.5
515,60,0,0,1691257127478.214,32.076171875,227.0,88.0,9.0,0,0.5,195.0,88.5
516,60,0,0,1691257127515.047,36.8330078125,236.0,88.0,9.0,0,0.0,203.5,88.0
517,60,0,0,1691257127545.526,30.478759765625,246.0,88.0,10.0,0,0.0,213.0,88.0
518,60,0,0,1691257127580.588,35.06201171875,255.5,88.5,9.513,0,0.0,222.5,88.0
519,60,0,0,1691257127615.222,34.634033203125,264.0,88.5,8.5,0,0.5,232.0,88.5
520,60,0,0,1691257127648.593,33.37109375,274.0,89.0,10.012,0,0.5,241.0,88.5
521,60,0,0,1691257127672.76,24.1669921875,284.0,89.0,10.0,0,0.7358236637186899,251.0,89.0
522,60,0,0,1691257127708.987,36.22705078125,293.5,89.0,9.5,0,0.5,260.5,89.0
523,60,0,0,1691257127740.594,31.60693359375,302.0,89.0,8.5,0,0.17478165930362566,270.5,89.0
524,60,0,0,1691257127778.615,38.02099609375,312.0,89.0,10.0,0,0.0,280.0,89.0
525,60,0,0,1691257127814.151,35.535888671875,322.0,89.0,10.0,0,0.0,289.0,89.0
526,60,0,0,1691257127846.47,32.319091796875,332.0,89.0,10.0,0,0.0,300.0,89.0
527,60,0,0,1691257127878.063,31.593017578125,342.0,89.0,10.0,0,0.0,310.0,89.0
528,60,0,0,1691257127914.5,36.43701171875,351.5,89.0,9.5,0,0.0,319.0,89.0
529,60,0,0,1691257127946.415,31.9150390625,361.0,89.0,9.5,0,0.0,329.0,89.0
530,60,0,0,1691257127979.03,32.614990234375,371.0,89.0,10.0,0,0.0,339.0,89.0
531,60,0,0,1691257128013.784,34.75390625,381.0,89.0,10.0,0,0.0,349.0,89.0
532,60,0,0,1691257128046.659,32.875,391.0,89.0,10.0,0,0.0,359.0,89.0
533,60,0,0,1691257128077.82,31.1611328125,401.0,89.0,10.0,0,0.0,369.0,89.0
534,60,0,0,1691257128113.559,35.739013671875,411.0,89.0,10.0,0,0.0,379.0,89.0
535,60,1,0,1691257128144.277,30.718017578125,422.0,89.0,11.0,0,0.0,389.5,89.0
536,60,0,0,1691257128173.433,29.156005859375,432.0,89.0,10.0,0,0.0,400.0,89.0
537,60,0,2,1691257128209.368,35.934814453125,443.0,89.5,11.011,0,0.0,410.5,89.0
538,60,0,0,1691257128241.549,32.18115234375,453.0,90.0,10.012,0,0.0,421.0,89.0
539,60,0,0,1691257128273.175,31.6259765625,464.0,92.5,11.281,0,0.5,431.0,88.5
540,60,0,0,1691257128309.452,36.27685546875,474.0,95.5,10.44,0,1.407637488478152,441.0,88.0
541,60,0,0,1691257128341.336,31.884033203125,483.0,100.0,10.062,0,1.9475670608117914,452.0,88.0
542,60,0,0,1691257128373.637,32.301025390625,491.5,104.5,9.618,0,3.191343891681136,463.0,89.0
543,60,0,0,1691257128409.123,35.486083984375,499.5,110.0,9.708,0,4.022870397928841,473.0,91.0
544,60,0,0,1691257128441.354,32.23095703125,507.0,116.5,9.925,0,5.366563145999483,483.0,94.0
545,60,0,0,1691257128473.032,31.677978515625,513.0,123.5,9.22,0,6.446453036884446,493.0,98.0
546,60,0,0,1691257128509.433,36.401123046875,518.5,130.5,8.902,0,6.489330153070005,501.5,103.5
547,60,0,0,1691257128540.568,31.135009765625,523.0,138.5,9.179,0,6.5996846563644045,509.0,109.5
548,60,0,0,1691257128573.4,32.831787109375,527.0,146.5,8.944,0,7.158705108015654,516.0,116.0
549,60,0,0,1691257128612.684,39.2841796875,530.0,154.5,8.544,0,6.992616655956586,521.5,123.0
550,60,0,0,1691257128646.147,33.462890625,532.0,163.0,8.732,0,6.291685908617848,526.0,131.0
551,60,0,0,1691257128678.213,32.06591796875,535.0,171.5,9.014,0,6.037383539249406,530.0,139.0
552,60,0,0,1691257128709.444,31.231201171875,536.0,181.0,9.552,0,6.027619080600684,534.0,148.0
553,60,0,0,1691257128741.458,32.013916015625,536.0,190.0,9.0,0,5.153385008824847,536.0,157.5
554,60,0,0,1691257128773.51,32.052001953125,536.0,200.0,10.0,0,4.160251471689202,538.0,167.5
555,60,0,0,1691257128808.973,35.462890625,534.0,210.0,10.198,0,4.344418557498771,540.0,177.5
556,60,0,0,1691257128842.136,33.1630859375,531.0,219.5,9.962,0,5.0,541.0,188.5
557,60,0,0,1691257128877.133,34.9970703125,527.0,229.5,10.77,0,5.0,541.0,200.0
558,60,0,0,1691257128909.359,32.225830078125,522.5,238.5,10.062,0,6.18465843842649,540.0,211.5
559,60,0,0,1691257128943.331,33.97216796875,517.0,246.0,9.301,0,7.613508865259137,538.0,222.5
560,60,0,0,1691257128978.134,34.802978515625,511.0,253.0,9.22,1,9.470462247029603,536.0,232.5
561,60,0,0,1691257129013.441,35.306884765625,505.0,259.5,8.846,1,10.509519494248986,532.0,243.0
562,60,0,0,1691257129041.073,27.632080078125,499.0,264.5,7.81,1,11.316550108508403,527.0,251.5
563,60,0,0,1691257129072.118,31.044921875,495.0,269.0,6.021,1,12.3650360956634,523.0,258.0
564,60,0,0,1691257129109.782,37.6640625,489.0,273.0,7.211,1,11.191621695095595,517.0,263.0
565,60,0,0,1691257129140.935,31.153076171875,483.0,276.0,6.708,1,10.965856099730654,513.0,267.0
566,60,0,0,1691257129172.6,31.6650390625,477.0,279.0,6.708,1,9.346692235101443,507.0,270.0
567,60,0,0,1691257129209.289,36.68896484375,473.0,282.0,5.0,0,7.557138666690323,502.0,272.5
568,60,0,0,1691257129243.393,34.10400390625,467.0,285.0,6.708,0,5.130976815083385,496.0,274.5
569,60,0,0,1691257129278.741,35.347900390625,461.0,287.0,6.325,0,2.9068883707497517,489.5,276.0
570,60,0,0,1691257129314.214,35.47314453125,453.5,289.0,7.762,0,1.3416407864998738,482.0,278.0
571,60,0,0,1691257129345.332,31.117919921875,447.0,290.0,6.576,0,0.20000000000002274,476.0,280.0
572,60,0,0,1691257129378.396,33.06396484375,439.0,290.5,8.016,0,0.22360679774997896,469.5,283.5
573,60,0,3,1691257129413.129,34.73291015625,433.0,290.5,6.0,0,0.7905694150420949,463.5,287.0
574,60,0,0,1691257129446.216,33.087158203125,426.0,290.5,7.0,0,2.3511716863630103,457.0,290.5
575,60,0,0,1691257129473.363,27.14697265625,419.0,290.5,7.0,0,2.9271007968883707,450.0,292.5
576,60,0,0,1691257129508.69,35.326904296875,413.0,289.5,6.083,0,3.243670880069377,443.0,293.5
577,60,0,0,1691257129541.004,32.31396484375,406.0,289.5,7.0,0,3.0,437.0,293.5
578,60,0,0,1691257129572.555,31.551025390625,399.0,290.0,7.018,0,2.0,430.0,292.5
579,60,0,0,1691257129610.267,37.712158203125,393.0,290.5,6.021,0,1.0,423.5,291.5
580,60,0,0,1691257129641.169,30.90185546875,385.5,290.5,7.5,0,0.4931969619160999,416.0,290.5
581,60,0,0,1691257129678.434,37.26513671875,379.0,290.5,6.5,0,0.5,409.5,290.0
582,60,0,0,1691257129714.713,36.27880859375,371.0,290.5,8.0,0,0.21374114996374108,403.0,289.5
583,60,0,0,1691257129745.575,30.862060546875,365.0,290.5,6.0,0,0.8304547985374185,395.0,289.5
584,60,0,0,1691257129777.762,32.18701171875,357.0,290.5,8.0,0,1.0,388.0,289.5
585,60,0,0,1691257129813.562,35.800048828125,349.0,290.5,8.0,0,1.0,380.0,289.5
586,60,0,0,1691257129846.836,33.27392578125,343.0,290.5,6.0,0,0.5,373.0,290.0
587,60,0,0,1691257129877.738,30.902099609375,335.0,290.5,8.0,0,0.5,366.0,290.0
588,60,0,0,1691257129913.391,35.653076171875,327.0,290.0,8.016,0,0.5,358.0,290.0
589,60,0,0,1691257129946.344,32.952880859375,320.0,290.5,7.018,0,0.0,350.0,290.5
590,60,0,0,1691257129980.295,33.950927734375,313.0,290.5,7.0,0,0.0,343.5,290.5
591,60,0,0,1691257130013.441,33.14599609375,305.0,290.5,8.0,0,0.0,336.0,290.5
592,60,0,0,1691257130045.891,32.4501953125,297.0,290.5,8.0,0,0.4366480030862637,328.0,290.5
593,60,0,0,1691257130077.59,31.698974609375,290.0,290.5,7.0,0,0.03562352499396697,320.5,290.5
594,60,0,0,1691257130114.345,36.7548828125,282.0,290.5,8.0,0,0.0,312.5,290.5
595,60,0,0,1691257130146.125,31.780029296875,274.0,290.5,8.0,0,0.0,304.5,290.5
596,60,0,0,1691257130172.604,26.47900390625,266.0,290.5,8.0,0,0.0,296.0,290.5
597,60,0,0,1691257130209.533,36.928955078125,257.0,290.5,9.0,0,0.0,288.5,290.5
598,60,0,0,1691257130248.172,38.63916015625,249.0,290.5,8.0,0,0.5,280.0,290.0
599,60,0,0,1691257130273.166,24.993896484375,241.0,290.5,8.0,0,0.5,272.0,290.0
600,60,0,0,1691257130309.151,35.98486328125,232.5,290.5,8.5,0,0.5,263.0,290.0
601,60,0,0,1691257130341.284,32.133056640625,224.0,290.5,8.5,0,0.5,254.5,290.0
602,60,0,0,1691257130373.668,32.384033203125,215.0,290.5,9.0,0,0.5,246.0,290.0
603,60,0,0,1691257130408.963,35.294921875,207.0,290.5,8.0,0,0.5,238.0,290.0
604,60,0,0,1691257130441.377,32.4140625,198.0,290.5,9.0,0,0.0,229.0,290.5
605,60,0,0,1691257130479.274,37.89697265625,189.0,290.5,9.0,0,0.0,219.5,290.5
606,60,0,0,1691257130509.926,30.652099609375,180.5,290.0,8.515,0,0.0,211.0,290.5
607,60,0,0,1691257130541.552,31.6259765625,171.0,290.5,9.513,0,0.0,202.0,290.5
608,60,0,0,1691257130573.379,31.826904296875,162.5,290.0,8.515,0,0.0,193.0,290.5
609,60,0,0,1691257130608.74,35.361083984375,153.0,290.0,9.5,0,0.23488808780587808,184.5,290.0
610,60,0,4,1691257130641.277,32.537109375,144.5,289.5,8.515,0,0.28907358217519274,175.0,290.0
611,60,0,0,1691257130673.139,31.86181640625,135.0,290.0,9.513,0,0.23488808780587808,166.5,290.0
612,60,0,0,1691257130709.395,36.256103515625,126.0,289.0,9.055,0,0.0,157.0,290.0
613,60,0,0,1691257130740.995,31.60009765625,117.0,287.5,9.124,0,0.8514693182963434,147.0,290.5
614,60,0,0,1691257130774.406,33.410888671875,108.5,285.0,8.86,0,0.6832648305959411,138.5,290.5
615,60,0,0,1691257130813.657,39.2509765625,99.0,282.0,9.962,0,0.6625891564491043,129.0,290.0
616,60,0,0,1691257130843.818,30.1611328125,91.5,278.5,8.276,0,1.8905883540115855,120.5,290.0
617,60,0,0,1691257130873.125,29.306884765625,84.0,274.0,8.746,0,2.370197121529043,112.0,288.5
618,60,0,0,1691257130908.905,35.780029296875,77.0,269.0,8.602,0,2.6098051887881497,103.0,286.0
619,60,0,0,1691257130940.771,31.865966796875,71.0,263.5,8.139,0,2.5977250013197333,95.0,283.0
620,60,0,0,1691257130973.084,32.31298828125,64.0,257.5,9.22,0,3.0012252399938975,86.5,279.0
621,60,0,0,1691257131014.068,40.984130859375,59.0,251.5,7.81,0,2.9061909685954657,79.0,274.0
622,60,0,0,1691257131044.558,30.489990234375,53.5,245.0,8.515,0,3.040760828328068,72.5,269.0
623,60,0,0,1691257131072.525,27.966796875,48.0,237.5,9.301,0,2.8743285660972004,66.0,263.0
624,60,0,0,1691257131109.208,36.68310546875,44.0,229.5,8.944,0,2.1766269588592353,59.5,255.5
625,60,0,0,1691257131140.722,31.513916015625,40.0,221.0,9.394,0,2.202075823180144,54.0,249.0
626,60,0,0,1691257131174.457,33.735107421875,38.0,213.0,8.246,0,1.9622521565822089,48.5,241.5
627,60,0,0,1691257131209.084,34.626953125,36.0,204.0,9.22,0,1.7888543819998382,44.0,233.5
628,60,0,0,1691257131241.295,32.2109375,34.0,195.0,9.22,0,1.703188145319526,40.0,225.0
629,60,0,0,1691257131273.064,31.76904296875,34.0,186.5,8.5,0,1.4552137502179978,37.5,217.0
630,60,0,0,1691257131308.446,35.382080078125,34.0,178.0,8.5,0,2.8200959516425304,34.0,208.0
631,60,0,0,1691257131341.017,32.571044921875,35.0,169.0,9.055,0,2.9285611805518568,32.0,199.5
632,60,0,0,1691257131377.968,36.950927734375,37.0,160.0,9.22,0,2.0,32.0,190.5
633,60,0,0,1691257131414.263,36.294921875,38.5,151.5,8.631,0,2.0,32.0,181.5
634,60,0,0,1691257131447.445,33.18212890625,42.0,143.0,9.192,0,2.595140862758892,32.0,172.5
635,60,0,0,1691257131476.712,29.266845703125,46.0,135.0,8.944,0,2.060839349277235,34.0,164.0
636,60,0,0,1691257131509.383,32.671142578125,51.0,127.5,9.014,0,2.3461020077721377,35.5,155.0
637,60,0,0,1691257131541.323,31.93994140625,56.0,121.0,8.201,0,2.3660880755088294,38.0,146.5
638,60,0,0,1691257131574.684,33.361083984375,61.0,114.0,8.602,0,2.23606797749979,42.0,138.0
639,60,0,0,1691257131609.167,34.48291015625,69.0,108.0,10.0,0,2.0801257358446152,46.5,130.5
640,60,0,0,1691257131641.241,32.073974609375,75.0,103.5,7.5,0,2.347386429271315,51.5,123.0
641,60,0,0,1691257131673.344,32.10302734375,83.0,99.0,9.179,0,2.092457497388743,57.0,116.0
642,60,0,0,1691257131709.976,36.632080078125,91.0,95.0,8.944,0,1.4000000000000057,64.0,110.0
643,60,0,0,1691257131741.196,31.219970703125,100.0,92.0,9.487,0,1.5999999999999972,71.0,104.5
644,60,0,0,1691257131773.871,32.675048828125,108.0,89.5,8.382,0,1.961044958530229,79.0,99.0
645,60,0,0,1691257131808.499,34.6279296875,117.0,87.5,9.22,0,2.23606797749979,87.0,94.5
646,60,0,0,1691257131841.533,33.033935546875,127.0,87.0,10.012,0,2.529822128134708,95.0,91.0
647,60,0,0,1691257131873.466,31.93310546875,136.0,87.5,9.014,0,2.147579950578817,104.0,88.5
648,60,0,1,1691257131909.514,36.0478515625,145.0,88.0,9.014,0,1.247350132457273,113.5,87.0
649,60,0,0,1691257131941.244,31.72998046875,155.0,88.0,10.0,0,1.7478165930362253,122.0,85.5
650,60,0,0,1691257131975.167,33.923095703125,164.0,88.0,9.0,0,2.1910657750896485,130.5,85.0
651,60,0,0,1691257132015.152,39.985107421875,173.0,88.0,9.0,0,2.218800784900923,140.0,85.5
652,60,0,0,1691257132043.936,28.783935546875,182.0,88.0,9.0,0,2.0,148.5,86.0
653,60,0,0,1691257132072.615,28.678955078125,191.0,88.0,9.0,0,0.5,158.5,87.5
654,60,0,0,1691257132108.74,36.125,200.0,88.0,9.0,0,0.5,167.5,88.5
655,60,0,0,1691257132140.582,31.842041015625,210.0,88.0,10.0,0,1.0,177.0,89.0
656,60,0,0,1691257132173.318,32.736083984375,220.0,88.0,10.0,0,1.0,186.5,89.0
657,60,0,0,1691257132208.104,34.785888671875,230.0,87.5,10.012,0,1.0,197.0,89.0
658,60,0,0,1691257132241.467,33.363037109375,239.0,88.0,9.014,0,1.0,206.5,89.0
659,60,0,0,1691257132272.946,31.47900390625,250.0,88.0,11.0,0,1.0,217.0,89.0
660,60,0,0,1691257132309.022,36.075927734375,260.0,88.0,10.0,0,1.3233468490131415,226.5,89.0
661,60,0,0,1691257132340.626,31.60400390625,270.0,88.5,10.012,0,1.109400392450455,237.0,89.0
662,60,0,0,1691257132373.482,32.85595703125,280.0,88.5,10.0,0,1.0,247.5,89.0
663,60,0,0,1691257132411.909,38.427001953125,290.0,89.0,10.012,0,1.0,258.0,89.0
664,60,0,0,1691257132441.144,29.235107421875,300.5,89.0,10.5,0,0.5742825948547579,268.5,89.0
665,60,0,0,1691257132479.146,38.001953125,312.0,89.0,11.5,0,0.49937616943892804,280.0,89.0
666,60,0,0,1691257132515.416,36.27001953125,322.0,89.0,10.0,0,0.0,290.0,89.0
667,60,0,0,1691257132542.164,26.748046875,332.5,89.0,10.5,0,0.0,300.0,89.0
668,60,0,0,1691257132573.425,31.260986328125,344.0,89.0,11.5,0,0.0,312.0,89.0
669,60,0,0,1691257132612.757,39.33203125,354.0,89.0,10.0,0,0.5,322.0,88.5
670,60,0,0,1691257132642.62,29.863037109375,365.0,89.0,11.0,0,0.0,333.0,89.0
671,60,0,0,1691257132678.573,35.952880859375,376.5,89.0,11.5,0,0.5,344.0,88.5
672,60,0,0,1691257132709.939,31.365966796875,388.0,89.0,11.5,0,0.0,356.0,89.0
673,60,0,0,1691257132742.042,32.10302734375,399.0,89.0,11.0,0,0.0,366.5,89.0
674,60,0,0,1691257132778.191,36.14892578125,411.0,89.0,12.0,0,0.0,378.0,89.0
675,60,1,0,1691257132808.12,29.92919921875,422.0,89.0,11.0,0,0.0,389.5,89.0
676,60,0,2,1691257132841.048,32.927978515625,434.0,89.0,12.0,0,0.0,401.5,89.0
677,60,0,0,1691257132877.185,36.136962890625,446.0,89.5,12.01,0,0.0,413.5,89.0
678,60,0,0,1691257132909.612,32.427001953125,458.0,91.0,12.093,0,0.5,426.0,88.5
679,60,0,0,1691257132940.965,31.35302734375,470.0,94.5,12.5,0,1.124024707228896,437.0,88.0
680,60,0,0,1691257132973.462,32.496826171875,481.5,99.0,12.349,0,2.5427120590787804,450.5,87.5
681,60,0,0,1691257133008.923,35.461181640625,491.5,104.5,11.413,0,4.28,463.0,88.0
682,60,0,0,1691257133042.686,33.762939453125,499.5,111.0,10.308,0,6.660410315721584,475.5,89.5
683,60,0,0,1691257133077.29,34.60400390625,506.0,118.5,9.925,1,8.827875279917226,488.0,92.5
684,60,0,0,1691257133113.152,35.862060546875,513.0,125.0,9.552,1,11.326413689196743,499.0,96.0
685,60,0,0,1691257133140.699,27.546875,517.0,132.0,8.062,1,13.124404748406688,508.0,101.0
686,60,0,0,1691257133180.201,39.501953125,521.0,138.0,7.211,1,16.826676910119954,517.0,105.5
687,60,0,0,1691257133208.537,28.336181640625,524.0,143.5,6.265,1,18.110467721621408,524.0,110.5
688,60,0,0,1691257133241.103,32.56591796875,526.0,147.5,4.472,1,17.755280904564703,528.0,115.5
689,60,0,0,1691257133275.844,34.740966796875,528.0,152.5,5.385,1,19.22538386132735,532.0,119.5
690,60,0,0,1691257133311.727,35.883056640625,529.5,156.5,4.272,1,18.443781524488838,533.5,123.5
691,60,0,0,1691257133339.659,27.931884765625,530.0,160.0,3.536,1,17.473056181094716,535.0,127.5
692,60,0,0,1691257133372.798,33.13916015625,532.0,163.5,4.031,1,15.008331019803634,534.0,130.5
693,60,0,0,1691257133404.772,31.973876953125,533.0,166.0,2.693,1,13.567477035949585,534.0,133.5
694,60,0,0,1691257133441.308,36.5361328125,534.0,168.5,2.693,1,10.375129498079037,532.0,136.5
695,60,0,0,1691257133472.427,31.118896484375,534.0,172.0,3.5,0,6.9433558948682945,530.0,140.0
696,60,0,0,1691257133504.805,32.3779296875,536.0,175.0,3.606,0,3.3541019662496847,528.0,144.0
697,60,0,0,1691257133541.175,36.3701171875,536.5,178.5,3.536,0,0.3713906763540721,526.0,148.5
698,60,0,0,1691257133573.138,31.962890625,537.0,182.0,3.536,0,1.8569533817705608,526.0,152.5
699,60,0,0,1691257133604.518,31.380126953125,538.0,185.0,3.162,0,3.1015904006974933,526.0,156.0
700,60,0,0,1691257133646.145,41.626953125,538.0,188.0,3.0,0,2.26274169979696,527.5,158.5
701,60,0,0,1691257133677.668,31.52294921875,538.0,191.5,3.5,0,0.2480694691784592,530.0,160.5
702,60,0,0,1691257133710.586,32.91796875,536.0,194.0,3.202,0,0.2480694691784592,532.0,163.0
703,60,0,0,1691257133744.679,34.093017578125,536.0,197.0,3.0,0,2.9711254108327774,536.0,165.5
704,60,0,0,1691257133778.069,33.39013671875,535.5,200.5,3.536,0,4.0,538.0,168.5
705,60,0,0,1691257133809.474,31.405029296875,534.0,204.0,3.808,0,4.992301766027094,540.0,172.0
706,60,0,0,1691257133844.401,34.9267578125,534.0,207.5,3.5,0,4.8083261120685155,541.0,176.0
707,60,0,0,1691257133875.305,30.904052734375,532.5,211.5,4.272,0,5.232590180780403,542.0,180.0
708,60,0,0,1691257133905.243,29.93798828125,532.0,215.5,4.031,0,3.1622776601683795,541.0,184.0
709,60,0,0,1691257133946.334,41.091064453125,531.5,219.5,4.031,0,2.0,540.0,188.5
710,60,0,0,1691257133973.958,27.6240234375,530.0,224.5,5.22,0,0.9370425713316541,538.0,193.0
711,60,0,0,1691257134004.979,31.02099609375,528.0,229.5,5.385,0,1.13137084989848,537.0,198.0
712,60,0,0,1691257134040.763,35.783935546875,526.0,234.5,5.385,0,1.838290060036153,536.0,204.0
713,60,0,0,1691257134073.322,32.55908203125,522.5,239.5,6.103,0,0.7022468831767634,534.0,209.5
714,60,0,0,1691257134107.375,34.052978515625,520.0,244.5,5.59,0,0.9922778767136641,533.0,215.5
715,60,0,0,1691257134140.954,33.5791015625,516.0,249.0,6.021,0,1.0536089137432474,532.0,221.5
716,60,0,0,1691257134173.629,32.6748046875,512.5,253.5,5.701,0,1.1141720290623216,530.0,227.5
717,60,0,0,1691257134204.535,30.906005859375,508.5,258.5,6.403,0,1.1141720290623216,528.0,232.5
718,60,0,0,1691257134241.197,36.662109375,503.5,262.5,6.403,0,1.7613486291159766,525.0,239.0
719,60,0,0,1691257134272.433,31.236083984375,499.0,267.0,6.364,0,1.7888543819998572,522.0,244.5
720,60,0,0,1691257134306.023,33.58984375,493.5,271.0,6.801,0,2.4913643956121803,518.0,250.5
721,60,0,0,1691257134341.425,35.402099609375,488.0,274.5,6.519,0,2.4206933092733762,514.0,255.5
722,60,0,0,1691257134378.837,37.411865234375,482.0,278.5,7.211,0,1.639824499830328,508.0,261.0
723,60,0,0,1691257134409.804,30.967041015625,475.5,281.5,7.159,0,2.4748737341529163,503.5,266.0
724,60,0,0,1691257134447.85,38.046142578125,469.0,284.5,7.159,0,1.7645150930251343,496.5,271.0
725,60,0,0,1691257134473.398,25.5478515625,461.0,287.0,8.382,0,2.339243215984497,490.0,276.0
726,60,0,0,1691257134504.897,31.4990234375,453.5,288.5,7.649,0,2.0801257358445935,483.5,280.0
727,60,0,0,1691257134541.191,36.2939453125,445.0,290.0,8.631,0,2.7238781535013707,475.5,284.5
728,60,0,0,1691257134573.242,32.051025390625,436.5,290.5,8.515,0,3.370507422436202,467.5,288.5
729,60,0,3,1691257134604.801,31.55908203125,428.0,290.5,8.5,0,4.020380770332761,459.0,291.5
730,60,0,0,1691257134641.277,36.47607421875,419.0,289.5,9.055,0,4.315669125408017,450.0,293.5
731,60,0,0,1691257134672.44,31.162841796875,411.0,289.5,8.0,0,4.2867076024573425,441.5,294.5
732,60,0,0,1691257134704.983,32.54296875,403.0,289.5,8.0,0,4.0,433.5,294.5
733,60,0,0,1691257134741.087,36.10400390625,395.0,289.5,8.0,0,3.257730019207986,425.5,293.5
734,60,0,0,1691257134773.428,32.341064453125,387.0,289.5,8.0,0,2.5,417.5,292.0
735,60,0,0,1691257134810.393,36.965087890625,378.0,290.5,9.055,0,0.0,409.0,289.5
736,60,0,0,1691257134841.135,30.741943359375,369.5,290.5,8.5,0,1.0,400.0,288.5
737,60,0,0,1691257134872.941,31.805908203125,360.0,290.5,9.5,0,3.0,390.0,286.5
738,60,0,0,1691257134910.472,37.531005859375,351.0,290.5,9.0,0,3.6442403604699356,381.0,286.5
739,60,0,0,1691257134944.761,34.2890625,342.0,290.5,9.0,0,3.0,372.0,287.5
740,60,0,0,1691257134978.352,33.591064453125,332.0,290.5,10.0,0,2.0,362.0,288.5
741,60,0,0,1691257135010.013,31.660888671875,321.0,290.5,11.0,0,0.5,352.0,290.0
742,60,0,0,1691257135047.947,37.93408203125,310.5,290.0,10.512,0,1.0,342.0,291.5
743,60,0,0,1691257135077.221,29.27392578125,300.0,289.5,10.512,0,1.5,330.5,292.0
744,60,0,0,1691257135110.307,33.0859375,290.0,289.5,10.0,0,2.0,321.0,292.5
745,60,0,0,1691257135146.418,36.111083984375,278.0,289.5,12.0,0,2.069083999572041,309.0,292.0
746,60,0,0,1691257135172.999,26.5810546875,268.0,289.5,10.0,0,2.0,298.5,291.5
747,60,0,0,1691257135204.666,31.6669921875,256.0,290.5,12.042,0,1.0,287.0,290.5
748,60,0,0,1691257135241.629,36.962890625,244.5,290.5,11.5,0,0.0,275.0,289.5
749,60,0,0,1691257135272.444,30.815185546875,234.0,290.5,10.5,0,0.3737046593418582,263.5,289.5
750,60,0,0,1691257135304.879,32.434814453125,222.0,290.5,12.0,0,1.5,251.5,289.0
751,60,0,0,1691257135347.373,42.494140625,210.0,290.5,12.0,0,1.5,240.0,289.0
752,60,0,0,1691257135378.151,30.77783203125,198.0,290.0,12.01,0,1.0,229.0,289.5
753,60,0,0,1691257135407.12,28.96923828125,186.0,290.5,12.01,0,0.5,217.0,290.0
754,60,0,0,1691257135443.93,36.809814453125,174.0,290.5,12.0,0,0.22896799591697248,204.5,290.5
755,60,0,0,1691257135472.335,28.405029296875,162.0,290.0,12.01,0,0.24978326827310693,192.0,290.5
756,60,0,0,1691257135510.173,37.838134765625,150.0,290.0,12.0,0,0.0,180.5,290.5
757,60,0,4,1691257135546.151,35.977783203125,138.0,290.0,12.0,0,0.22896799591697248,168.5,290.5
758,60,0,0,1691257135573.242,27.091064453125,126.0,289.0,12.042,0,0.5,156.0,290.5
759,60,0,0,1691257135604.865,31.623046875,114.0,286.5,12.258,0,0.5,144.0,290.5
760,60,0,0,1691257135640.988,36.123046875,102.5,283.5,11.885,0,0.9135002783911184,133.0,290.5
761,60,0,0,1691257135672.638,31.64990234375,91.5,278.5,12.083,0,1.5092614804287996,121.0,289.5
762,60,0,0,1691257135704.937,32.299072265625,83.0,273.0,10.124,0,3.197344030528722,109.0,288.5
763,60,0,0,1691257135742.443,37.506103515625,74.5,266.0,11.011,0,3.8897476764311527,97.5,285.5
764,60,0,0,1691257135779.181,36.73779296875,67.0,259.0,10.259,0,5.383126301740247,87.0,282.0
765,60,0,0,1691257135805.123,25.942138671875,60.0,252.0,9.899,0,6.266257206773689,78.0,277.0
766,60,0,0,1691257135841.128,36.0048828125,55.0,244.5,9.014,0,6.726812023536855,70.0,271.0
767,60,0,0,1691257135875.3,34.172119140625,50.0,237.5,8.602,0,7.1156046108972575,63.0,265.0
768,60,0,0,1691257135910.347,35.046875,46.0,230.5,8.062,0,7.0710678118654755,57.0,259.0
769,60,0,0,1691257135943.875,33.528076171875,42.0,223.0,8.5,0,6.517727305646438,52.5,252.5
770,60,0,0,1691257135972.502,28.626953125,39.0,216.0,7.616,0,5.696134298447144,48.0,244.5
771,60,0,0,1691257136004.734,32.23193359375,36.5,208.0,8.382,0,3.6590246703816405,45.5,237.0
772,60,0,0,1691257136041.647,36.9130859375,35.0,200.0,8.139,0,3.058823529411758,42.0,229.5
773,60,0,0,1691257136072.447,30.800048828125,34.0,191.5,8.559,0,1.4443707614569463,40.0,222.0
774,60,0,0,1691257136105.045,32.597900390625,34.0,183.0,8.5,0,1.6405124622477056,36.5,213.5
775,60,0,0,1691257136140.937,35.89208984375,34.0,175.0,8.0,0,1.0135869427760211,35.0,205.5
776,60,0,0,1691257136177.611,36.674072265625,35.0,166.0,9.055,0,1.139202163782123,33.5,197.0
777,60,0,0,1691257136208.856,31.244873046875,37.0,158.0,8.246,0,2.0,32.0,188.5
778,60,0,0,1691257136244.654,35.798095703125,40.0,150.0,8.544,0,2.0,32.0,180.5
779,60,0,0,1691257136272.878,28.223876953125,42.0,142.0,8.246,0,2.374277810609199,32.0,171.5
780,60,0,0,1691257136305.257,32.379150390625,46.0,135.5,7.632,0,1.5764815627361644,34.0,163.5
781,60,0,0,1691257136341.164,35.906982421875,50.0,128.0,8.5,0,1.9896995023342197,36.0,155.0
782,60,0,0,1691257136373.055,31.890869140625,55.0,121.0,8.602,0,2.6678918753996625,38.0,147.0
783,60,0,0,1691257136405.023,31.968017578125,61.0,115.5,8.139,0,1.0481948513286754,42.0,140.0
784,60,0,0,1691257136441.428,36.405029296875,67.0,109.5,8.485,0,1.6176470588235277,45.5,133.0
785,60,0,0,1691257136472.874,31.446044921875,73.0,105.0,7.5,0,0.8718572905786455,50.0,126.5
786,60,0,0,1691257136504.469,31.594970703125,79.0,100.5,7.5,0,0.7371541402007445,55.0,120.0
787,60,0,0,1691257136540.47,36.0009765625,86.5,96.0,8.746,0,1.0606601717798212,61.0,114.0
788,60,0,0,1691257136573.175,32.705078125,94.0,93.5,7.906,0,1.1999999999999944,67.0,108.0
789,60,0,0,1691257136604.899,31.723876953125,102.0,91.0,8.382,0,1.5999999999999972,73.0,103.0
790,60,0,0,1691257136642.371,37.47216796875,109.0,89.0,7.28,0,1.7149858514250835,79.0,98.5
791,60,0,0,1691257136672.751,30.3798828125,117.0,88.0,8.062,0,1.2649110640673562,87.0,94.5
792,60,0,0,1691257136704.896,32.14501953125,126.0,87.0,9.055,0,1.6106849629341058,95.0,91.5
793,60,0,0,1691257136741.099,36.203125,135.0,87.0,9.0,0,1.167564793563855,103.0,89.5
794,60,0,1,1691257136773.133,32.033935546875,143.0,88.0,8.062,0,1.7364862842489113,111.0,87.0
795,60,0,0,1691257136804.808,31.675048828125,151.5,88.0,8.5,0,1.8221201802349696,118.5,86.0
796,60,0,0,1691257136841.697,36.888916015625,161.0,88.0,9.5,0,2.0,127.0,85.0
797,60,0,0,1691257136872.513,30.81591796875,168.0,88.0,7.0,0,2.0465731207219324,135.5,85.0
798,60,0,0,1691257136905.879,33.365966796875,177.0,88.0,9.0,0,2.0,143.5,86.0
799,60,0,0,1691257136943.689,37.81005859375,185.5,88.0,8.5,0,1.0,152.5,87.0
800,60,0,0,1691257136972.974,29.28515625,194.0,88.0,8.5,0,0.0,161.5,88.0
801,60,0,0,1691257137010.814,37.83984375,202.0,87.5,8.016,0,1.0,170.0,89.0
802,60,0,0,1691257137045.834,35.02001953125,212.0,88.0,10.012,0,1.0,179.5,89.0
803,60,0,0,1691257137079.117,33.282958984375,220.5,88.0,8.5,0,1.5,188.5,89.5
804,60,0,0,1691257137112.798,33.68115234375,230.0,88.0,9.5,0,1.2475657231036055,198.0,89.0
805,60,0,0,1691257137140.58,27.781982421875,240.0,88.0,10.0,0,1.2234716151253597,207.5,89.0
806,60,0,0,1691257137172.95,32.369873046875,249.5,88.0,9.5,0,1.0,217.0,89.0
807,60,0,0,1691257137210.287,37.337158203125,259.0,88.5,9.513,0,1.0,226.5,89.0
808,60,0,0,1691257137247.249,36.9619140625,268.0,88.5,9.0,0,1.0,236.5,89.0
809,60,0,0,1691257137278.285,31.035888671875,279.0,88.5,11.0,0,1.0,246.5,89.0
810,60,0,0,1691257137310.501,32.216064453125,289.5,89.0,10.512,0,0.6044265809117889,257.0,89.0
811,60,0,0,1691257137340.435,29.93408203125,300.0,89.0,10.5,0,0.5,267.0,89.0
812,60,0,0,1691257137375.688,35.2529296875,310.0,89.0,10.0,0,0.5,278.0,89.0
813,60,0,0,1691257137408.825,33.136962890625,320.0,89.0,10.0,0,0.09513029883090286,287.5,89.0
814,60,0,0,1691257137445.257,36.43212890625,330.0,89.0,10.0,0,0.0,298.0,89.0
815,60,0,0,1691257137472.997,27.739990234375,341.0,89.0,11.0,0,0.0,309.0,89.0
816,60,0,0,1691257137511.418,38.4208984375,352.0,89.0,11.0,0,0.0,320.0,89.0
817,60,0,0,1691257137547.143,35.72509765625,363.0,89.0,11.0,0,0.0,330.0,89.0
818,60,0,0,1691257137575.465,28.322021484375,374.0,89.0,11.0,0,0.0,342.0,89.0
819,60,0,0,1691257137606.623,31.157958984375,385.0,89.0,11.0,0,0.0,352.0,89.0
820,60,0,0,1691257137641.471,34.847900390625,396.5,89.0,11.5,0,0.0,363.5,89.0
821,60,0,0,1691257137673.258,31.787109375,407.0,89.0,10.5,0,0.0,375.5,89.0
822,60,1,0,1691257137706.669,33.410888671875,419.0,89.0,12.0,0,0.0,386.5,89.0
823,60,0,0,1691257137746.308,39.63916015625,431.0,89.0,12.0,0,0.0,399.0,89.0
824,60,0,2,1691257137778.189,31.880859375,443.0,89.5,12.01,0,0.0,410.5,89.0
825,60,0,0,1691257137812.226,34.037109375,455.0,91.0,12.093,0,0.0,422.5,89.0
826,60,0,0,1691257137843.834,31.60791015625,467.0,93.5,12.258,0,0.6244581706827247,434.0,88.5
827,60,0,0,1691257137878.41,34.575927734375,478.0,97.0,11.543,0,1.9225383861327239,446.5,88.0
828,60,0,0,1691257137910.641,32.231201171875,488.0,102.0,11.18,0,3.650781148604821,458.5,88.0
829,60,0,0,1691257137946.896,36.2548828125,497.0,108.5,11.102,0,4.3964530305157306,470.5,90.0
830,60,0,0,1691257137978.539,31.64306640625,504.0,115.0,9.552,0,5.5901699437494745,481.5,92.5
831,60,0,0,1691257138008.821,30.281982421875,511.0,122.0,9.899,0,7.093443248498974,492.5,96.5
832,60,0,0,1691257138044.345,35.52392578125,517.0,130.0,10.0,1,8.602207368020975,502.0,101.5
833,60,0,0,1691257138072.163,27.818115234375,521.0,137.0,8.062,1,9.578657783400931,510.0,107.5
834,60,0,0,1691257138106.443,34.280029296875,526.0,145.0,9.434,1,10.960155108391486,517.5,113.0
835,60,0,0,1691257138146.06,39.616943359375,528.0,152.5,7.762,1,11.299999999999972,524.0,120.5
836,60,0,0,1691257138179.544,33.48388671875,531.5,160.0,8.276,1,12.527508193510027,530.0,127.5
837,60,0,0,1691257138211.652,32.108154296875,533.5,167.5,7.762,1,12.34897530207407,534.0,134.5
838,60,0,0,1691257138247.219,35.56689453125,534.0,174.5,7.018,1,11.543396380615196,537.0,141.5
839,60,0,0,1691257138278.278,31.05908203125,535.0,181.0,6.576,1,12.565739541267686,540.0,148.5
840,60,0,0,1691257138308.611,30.3330078125,535.5,189.0,8.016,1,10.307764064044152,541.0,156.0
841,60,0,0,1691257138345.804,37.19287109375,535.5,196.0,7.0,1,9.243647588851953,542.0,163.5
842,60,0,0,1691257138379.097,33.29296875,534.0,202.5,6.671,1,8.300281323591435,542.0,170.0
843,60,0,0,1691257138411.755,32.657958984375,534.0,209.5,7.0,0,6.31037314653856,541.0,178.5
844,60,0,0,1691257138446.965,35.210205078125,532.0,216.5,7.28,0,4.709560604716086,540.0,185.5
845,60,0,0,1691257138478.778,31.81298828125,530.0,224.5,8.246,0,2.5,538.0,193.5
846,60,0,0,1691257138510.07,31.2919921875,526.0,233.5,9.849,0,2.8107438337344273,537.0,202.0
847,60,0,0,1691257138546.668,36.597900390625,521.0,241.5,9.434,0,2.1290887412046406,535.5,212.0
848,60,0,0,1691257138578.489,31.821044921875,515.0,250.0,10.404,0,3.274230937990447,534.0,222.0
849,60,0,0,1691257138609.263,30.77392578125,509.0,257.0,9.22,0,4.365988510074562,531.0,233.0
850,60,0,0,1691257138645.85,36.587158203125,502.0,263.0,9.22,0,6.147987704036933,527.0,243.5
851,60,0,0,1691257138678.614,32.763916015625,495.0,268.5,8.902,1,8.554134097713337,523.0,253.5
852,60,0,0,1691257138709.549,30.93505859375,488.0,273.5,8.602,1,9.002613999474207,517.0,261.5
853,60,0,0,1691257138747.66,38.11083984375,481.0,277.5,8.062,1,10.033033674112836,511.0,268.5
854,60,0,0,1691257138778.119,30.458984375,475.0,280.0,6.5,1,10.67146316973286,504.0,275.0
855,60,0,0,1691257138804.296,26.177001953125,468.0,283.0,7.616,1,10.578535125687567,498.5,279.0
856,60,0,0,1691257138841.496,37.2001953125,462.0,285.0,6.325,1,10.294882970904302,493.0,282.5
857,60,0,0,1691257138872.8,31.303955078125,455.0,286.5,7.159,1,9.48865719607444,487.0,285.0
858,60,0,0,1691257138904.407,31.60693359375,449.0,288.5,6.325,1,8.84615384615386,480.0,287.5
859,60,0,0,1691257138940.617,36.2099609375,443.0,289.5,6.083,0,7.878385971583361,474.0,289.0
860,60,0,0,1691257138972.942,32.324951171875,437.0,290.5,6.083,0,6.008327554319902,467.5,289.5
861,60,0,3,1691257139009.762,36.820068359375,430.0,290.5,7.0,0,4.679482981656166,461.0,290.0
862,60,0,0,1691257139045.216,35.4541015625,423.0,290.5,7.0,0,3.4785054261852353,454.0,290.5
863,60,0,0,1691257139079.216,34.0,416.0,290.5,7.0,0,1.4795908857482343,446.0,290.5
864,60,0,0,1691257139109.706,30.489990234375,409.0,290.5,7.0,0,0.41099746826340255,439.5,290.5
865,60,0,0,1691257139145.54,35.833984375,401.0,290.5,8.0,0,0.0,432.0,290.5
866,60,0,0,1691257139173.405,27.864990234375,393.0,290.5,8.0,0,0.0,424.0,290.5
867,60,0,0,1691257139204.956,31.551025390625,385.5,290.5,7.5,0,0.0,416.0,290.5
868,60,0,0,1691257139241.256,36.300048828125,377.5,290.5,8.0,0,0.0,408.0,290.5
869,60,0,0,1691257139272.546,31.289794921875,369.0,290.5,8.5,0,0.5,400.0,290.0
870,60,0,0,1691257139304.512,31.966064453125,361.0,290.5,8.0,0,1.0,391.5,289.5
871,60,0,0,1691257139347.159,42.64697265625,352.0,290.5,9.0,0,1.0,383.0,289.5
872,60,0,0,1691257139373.717,26.55810546875,343.0,290.5,9.0,0,1.0,374.0,289.5
873,60,0,0,1691257139404.321,30.60400390625,334.0,290.5,9.0,0,1.0,365.0,289.5
874,60,0,0,1691257139441.341,37.02001953125,325.0,290.0,9.014,0,1.0,356.0,289.5
875,60,0,0,1691257139476.289,34.947998046875,316.0,290.5,9.014,0,1.0,346.0,289.5
876,60,0,0,1691257139508.061,31.77197265625,306.5,290.5,9.5,0,0.5,337.0,290.0
877,60,0,0,1691257139546.599,38.5380859375,297.0,290.0,9.513,0,0.1664100588675845,328.0,290.0
878,60,0,0,1691257139578.104,31.5048828125,288.0,290.5,9.014,0,0.13867504905628206,318.5,290.5
879,60,0,0,1691257139609.925,31.821044921875,278.0,290.5,10.0,0,0.0,308.5,290.5
880,60,0,0,1691257139645.671,35.745849609375,268.0,290.5,10.0,0,0.4204706649821094,298.5,290.5
881,60,0,0,1691257139673.294,27.623046875,258.0,290.5,10.0,0,0.05547001962254814,289.0,290.5
882,60,0,0,1691257139705.357,32.06298828125,248.0,290.5,10.0,0,0.5,279.0,290.0
883,60,0,0,1691257139740.56,35.203125,238.0,290.5,10.0,0,0.5,268.5,290.0
884,60,0,0,1691257139778.442,37.8818359375,228.0,290.5,10.0,0,0.5,258.5,290.0
885,60,0,0,1691257139809.081,30.63916015625,218.0,290.5,10.0,0,1.0,248.5,289.5
886,60,0,0,1691257139846.242,37.160888671875,206.5,290.5,11.5,0,0.5,237.5,290.0
887,60,0,0,1691257139873.114,26.8720703125,196.0,290.5,10.5,0,0.5,227.0,290.0
888,60,0,0,1691257139904.807,31.69287109375,186.0,290.5,10.0,0,0.0,216.5,290.5
889,60,0,0,1691257139947.082,42.275146484375,175.0,290.0,11.011,0,0.0,205.5,290.5
890,60,0,0,1691257139978.295,31.212890625,164.0,290.0,11.0,0,0.0,195.0,290.5
891,60,0,0,1691257140009.76,31.465087890625,153.0,290.0,11.0,0,0.09081532183728577,184.0,290.5
892,60,0,4,1691257140041.221,31.4609375,143.0,290.0,10.0,0,0.5,173.0,290.5
893,60,0,0,1691257140072.571,31.35009765625,132.0,289.5,11.011,0,0.0,163.0,290.0
894,60,0,0,1691257140105.24,32.6689453125,121.0,288.5,11.045,0,0.5,151.0,290.5
895,60,0,0,1691257140140.934,35.694091796875,110.5,286.0,10.794,0,0.6357072528611113,140.0,290.5
896,60,0,0,1691257140173.236,32.302001953125,100.5,282.5,10.595,0,1.1316968255314583,130.5,290.5
897,60,0,0,1691257140207.601,34.364990234375,91.0,278.0,10.512,0,1.8066401129871046,119.5,290.0
898,60,0,0,1691257140241.015,33.413818359375,83.0,273.0,9.434,0,2.8551715280072187,109.0,288.5
899,60,0,0,1691257140273.034,32.01904296875,75.0,267.0,10.0,0,3.8078865529319543,99.0,286.0
900,60,0,0,1691257140304.933,31.899169921875,67.0,260.5,10.308,0,4.922992964498999,89.0,282.5
901,60,0,0,1691257140340.76,35.826904296875,61.5,253.5,8.902,0,5.82998834003498,80.0,278.0
902,60,0,0,1691257140373.791,33.031005859375,56.0,246.5,8.902,0,6.199999999999983,72.0,272.5
903,60,0,0,1691257140410.53,36.739013671875,51.0,239.5,8.602,0,6.30592625094464,65.0,267.0
904,60,0,0,1691257140446.584,36.053955078125,46.0,233.0,8.201,0,5.813139147722892,60.0,261.0
905,60,0,0,1691257140473.448,26.864013671875,43.5,225.5,7.906,0,5.026820808900488,55.5,254.0
906,60,0,0,1691257140505.281,31.8330078125,40.0,218.0,8.276,0,4.475534091637046,50.5,246.5
907,60,0,0,1691257140540.989,35.7080078125,38.0,210.5,7.762,0,3.2619525705458527,46.5,239.0
908,60,0,0,1691257140578.28,37.291015625,35.0,202.0,9.014,0,2.055480479109451,43.5,232.0
909,60,0,0,1691257140606.993,28.712890625,34.0,193.5,8.559,0,2.537312791986747,40.0,224.0
910,60,0,0,1691257140641.217,34.22412109375,34.0,185.0,8.5,0,2.7376656622035354,36.5,215.5
911,60,0,0,1691257140678.35,37.133056640625,34.0,176.0,9.0,0,2.440680863391007,34.0,206.5
912,60,0,0,1691257140708.072,29.721923828125,35.0,167.0,9.055,0,2.453666198915339,32.0,197.5
913,60,0,0,1691257140741.362,33.2900390625,37.0,158.0,9.22,0,2.5,31.5,188.5
914,60,0,0,1691257140773.356,31.993896484375,40.0,150.0,8.544,0,3.5,30.5,179.5
915,60,0,0,1691257140804.961,31.60498046875,44.0,141.5,9.394,0,3.1472984931331234,31.5,170.0
916,60,0,0,1691257140841.205,36.244140625,47.0,133.5,8.544,0,4.230143927463796,32.0,161.0
917,60,0,0,1691257140872.914,31.708984375,52.0,125.5,9.434,0,3.5112344158839135,35.5,152.0
918,60,0,0,1691257140905.189,32.27490234375,58.0,118.5,9.22,0,4.577318140546205,38.0,143.5
919,60,0,0,1691257140940.869,35.679931640625,64.0,112.5,8.485,0,4.330522446256834,42.0,134.5
920,60,0,0,1691257140973.439,32.570068359375,71.0,106.5,9.22,0,3.70999258002226,47.0,126.5
921,60,0,0,1691257141004.514,31.074951171875,79.0,101.5,9.434,0,3.1454916383705163,53.0,119.5
922,60,0,0,1691257141041.15,36.635986328125,87.0,97.5,8.944,0,3.5355339059327378,59.0,112.5
923,60,0,0,1691257141076.283,35.133056640625,95.0,94.0,8.732,0,4.284376541918453,65.0,106.0
924,60,0,0,1691257141107.175,30.89208984375,103.0,91.0,8.544,0,3.603992792021624,73.0,101.0
925,60,0,0,1691257141142.124,34.948974609375,112.0,89.5,9.124,0,4.919349550499543,81.0,95.0
926,60,0,0,1691257141174.576,32.451904296875,121.0,88.0,9.124,0,5.153385008824809,89.0,91.0
927,60,0,0,1691257141205.048,30.47216796875,131.0,87.5,10.012,0,4.857207608639415,98.5,87.5
928,60,0,0,1691257141241.417,36.368896484375,141.0,88.0,10.012,0,4.603171644550011,108.0,85.5
929,60,0,1,1691257141272.979,31.56201171875,150.0,88.5,9.014,0,4.68537113820269,116.5,84.0
930,60,0,0,1691257141310.749,37.77001953125,159.0,88.0,9.014,0,3.2709139098249467,125.5,84.5
931,60,0,0,1691257141342.05,31.301025390625,167.0,88.0,8.0,0,2.6466936980262843,134.0,85.0
932,60,0,0,1691257141378.508,36.4580078125,177.0,87.5,10.012,0,1.0816653826391953,142.5,87.0
933,60,0,0,1691257141410.79,32.281982421875,185.0,88.0,8.016,0,0.11094003924505055,152.0,88.5
934,60,0,0,1691257141447.159,36.368896484375,194.0,88.0,9.0,0,1.0,161.5,89.0
935,60,0,0,1691257141475.076,27.9169921875,203.5,88.0,9.5,0,1.6729101676203955,170.5,89.5
936,60,0,0,1691257141509.976,34.900146484375,212.0,88.0,8.5,0,1.8089702985002283,180.0,89.5
937,60,0,0,1691257141546.415,36.43896484375,222.0,88.0,10.0,0,1.0,190.0,89.0
938,60,0,0,1691257141580.409,33.993896484375,232.0,88.0,10.0,0,1.0,199.0,89.0
939,60,0,0,1691257141609.721,29.31201171875,241.0,88.0,9.0,0,0.5,208.5,88.5
940,60,0,0,1691257141646.246,36.525146484375,250.0,88.0,9.0,0,0.0,218.0,88.0
941,60,0,0,1691257141678.186,31.93994140625,260.0,88.5,10.012,0,0.5,228.0,88.5
942,60,0,0,1691257141712.206,34.02001953125,270.0,88.5,10.0,0,0.0,237.0,88.0
943,60,0,0,1691257141745.413,33.20703125,279.0,89.0,9.014,0,0.5,247.0,88.5
944,60,0,0,1691257141778.788,33.375,287.0,89.0,8.0,0,0.24968808471945692,255.0,88.5
945,60,0,0,1691257141810.646,31.85791015625,293.0,89.0,6.0,0,0.5,261.5,89.0
946,60,0,0,1691257141845.266,34.6201171875,299.0,89.0,6.0,0,0.5,266.0,89.0
947,60,0,0,1691257141879.326,34.059814453125,303.0,89.0,4.0,0,0.4992301766027078,270.0,89.0
948,60,0,0,1691257141906.936,27.610107421875,306.0,89.0,3.0,0,0.36055512754639735,272.5,89.0
949,60,0,0,1691257141941.475,34.5390625,306.0,89.0,0.0,0,0.22188007849008692,275.0,89.0
950,60,0,0,1691257141978.791,37.31591796875,307.0,89.0,1.0,0,0.22188007849008692,275.0,89.0
951,60,0,0,1691257142009.75,30.958984375,307.0,89.0,0.0,0,0.22188007849008692,275.0,89.0
952,60,0,0,1691257142046.67,36.919921875,307.0,89.0,0.0,0,0.22188007849008692,275.0,89.0
953,60,0,0,1691257142078.331,31.6611328125,307.0,89.0,0.0,0,0.22188007849008692,275.0,89.0
954,60,0,0,1691257142110.713,32.3818359375,307.0,89.0,0.0,0,0.22188007849008692,275.0,89.0
955,60,0,0,1691257142146.41,35.697021484375,307.0,89.0,0.0,0,0.22188007849008692,275.0,89.0
956,60,0,0,1691257142177.663,31.253173828125,307.0,89.0,0.0,0,0.22188007849008692,275.0,89.0
957,60,0,0,1691257142210.288,32.625,307.0,89.0,0.0,0,0.22188007849008692,275.0,89.0
958,60,0,0,1691257142246.271,35.98291015625,307.0,89.0,0.0,0,0.22188007849008692,275.0,89.0
959,60,0,0,1691257142273.616,27.344970703125,307.0,89.0,0.0,0,0.22188007849008692,275.0,89.0
960,60,0,0,1691257142305.81,32.194091796875,307.0,89.0,0.0,0,0.22188007849008692,275.0,89.0
961,60,0,0,1691257142341.385,35.574951171875,307.0,89.0,0.0,0,0.22188007849008692,275.0,89.0
962,60,0,0,1691257142379.426,38.041015625,307.0,89.0,0.0,0,0.22188007849008692,275.0,89.0
963,60,0,0,1691257142409.709,30.282958984375,307.0,89.0,0.0,0,0.22188007849008692,275.0,89.0
964,60,0,0,1691257142446.679,36.969970703125,307.0,89.0,0.0,0,0.22188007849008692,275.0,89.0
965,60,0,0,1691257142472.631,25.9521484375,307.0,89.0,0.0,0,0.22188007849008692,275.0,89.0
966,60,0,0,1691257142504.924,32.29296875,307.0,89.0,0.0,0,0.22188007849008692,275.0,89.0
967,60,0,0,1691257142540.643,35.718994140625,307.0,89.0,0.0,0,0.2496150883013468,274.5,89.0
968,60,0,0,1691257142572.698,32.054931640625,307.0,89.0,0.0,0,0.22188007849008692,275.0,89.0
969,60,0,0,1691257142604.001,31.302978515625,307.0,89.0,0.0,0,0.22188007849008692,275.0,89.0
970,60,0,0,1691257142640.853,36.85205078125,307.0,89.0,0.0,0,0.22188007849008692,275.0,89.0
971,60,0,0,1691257142677.505,36.65185546875,307.0,89.0,0.0,0,0.22188007849008692,275.0,89.0
972,60,0,0,1691257142710.42,32.9150390625,307.0,89.0,0.0,0,0.2496150883013468,274.5,89.0
973,60,0,0,1691257142741.211,30.791015625,307.0,89.0,0.0,0,0.22188007849008692,275.0,89.0
974,60,0,0,1691257142773.524,32.31298828125,307.0,89.0,0.0,0,0.22188007849008692,275.0,89.0
975,60,0,0,1691257142804.662,31.13818359375,307.0,89.0,0.0,0,0.22188007849008692,275.0,89.0
976,60,0,0,1691257142841.39,36.727783203125,307.0,89.0,0.0,0,0.22188007849008692,275.0,89.0
977,60,0,0,1691257142872.64,31.25,307.0,89.0,0.0,0,0.22188007849008692,275.0,89.0
978,60,0,0,1691257142904.855,32.215087890625,307.0,89.0,0.0,0,0.22188007849008692,275.0,89.0
979,60,0,0,1691257142946.185,41.330078125,307.0,89.0,0.0,0,0.22188007849008692,275.0,89.0
980,60,0,0,1691257142974.804,28.618896484375,307.0,89.0,0.0,0,0.2496150883013468,274.5,89.0
981,60,0,0,1691257143004.518,29.714111328125,307.0,89.0,0.0,0,0.22188007849008692,275.0,89.0
982,60,0,0,1691257143041.01,36.491943359375,307.0,89.0,0.0,0,0.22188007849008692,275.0,89.0
983,60,0,0,1691257143074.667,33.656982421875,307.0,89.0,0.0,0,0.22188007849008692,275.0,89.0
984,60,0,0,1691257143104.521,29.85400390625,307.0,89.0,0.0,0,0.2496150883013468,274.5,89.0
985,60,0,0,1691257143141.179,36.657958984375,307.0,89.0,0.0,0,0.22188007849008692,275.0,89.0
986,60,0,0,1691257143178.935,37.756103515625,307.0,89.0,0.0,0,0.22188007849008692,275.0,89.0
987,60,0,0,1691257143210.713,31.77783203125,307.0,89.0,0.0,0,0.22188007849008692,275.0,89.0
988,60,0,0,1691257143247.139,36.426025390625,307.0,89.0,0.0,0,0.22188007849008692,275.0,89.0
989,60,0,0,1691257143278.25,31.111083984375,307.0,89.0,0.0,0,0.22188007849008692,275.0,89.0
990,60,0,0,1691257143305.348,27.097900390625,307.0,89.0,0.0,0,0.22188007849008692,275.0,89.0
991,60,0,0,1691257143340.908,35.56005859375,307.0,89.0,0.0,0,0.2496150883013468,274.5,89.0
992,60,0,0,1691257143377.317,36.408935546875,307.0,89.0,0.0,0,0.22188007849008692,275.0,89.0
993,60,0,0,1691257143409.831,32.51416015625,307.0,89.0,0.0,0,0.2496150883013468,274.5,89.0
994,60,0,0,1691257143447.41,37.578857421875,307.0,89.0,0.0,0,0.22188007849008692,275.0,89.0
995,60,0,0,1691257143472.234,24.823974609375,307.0,89.0,0.0,0,0.22188007849008692,275.0,89.0
996,60,0,0,1691257143504.986,32.752197265625,307.0,89.0,0.0,0,0.22188007849008692,275.0,89.0
997,60,0,0,1691257143541.854,36.867919921875,307.0,89.0,0.0,0,0.22188007849008692,275.0,89.0
998,60,0,0,1691257143579.808,37.9541015625,307.0,89.0,0.0,0,0.22188007849008692,275.0,89.0
999,60,0,0,1691257143605.112,25.303955078125,307.0,89.0,0.0,0,0.22188007849008692,275.0,89.0
1000,60,0,0,1691257143641.363,36.2509765625,307.0,89.0,0.0,0,0.22188007849008692,275.0,89.0
