Frame,PWM,Meta,Sector,Tiempo,Dif tiempo,Pos front X,Pos front Y,Dist puntos,Derrapo,Dist derrape,Pos back X,Pos back Y,Pos Extr X,Pos Extr Y
1,,0,0,1692011749701.116,,402.0,91.0,,,,369.0,91.0,,
2,,0,0,1692011749732.688,31.572021484375,402.0,91.0,0.0,,,369.0,91.0,402.0,91.0
3,,0,0,1692011749764.337,31.64892578125,402.0,91.0,0.0,,,369.0,91.0,402.0,91.0
4,,0,0,1692011749795.031,30.694091796875,402.0,91.0,0.0,,,369.0,91.0,402.0,91.0
5,,0,0,1692011749831.226,36.195068359375,402.0,91.0,0.0,,,369.0,91.0,402.0,91.0
6,,0,0,1692011749862.947,31.720947265625,402.0,91.0,0.0,,,369.0,91.0,402.0,91.0
7,,0,0,1692011749898.777,35.830078125,402.0,91.0,0.0,,,369.0,91.0,402.0,91.0
8,,0,0,1692011749930.354,31.576904296875,402.0,91.0,0.0,,,369.0,91.0,402.0,91.0
9,,0,0,1692011749963.071,32.717041015625,402.0,91.0,0.0,,,369.0,91.0,402.0,91.0
10,,0,0,1692011749998.971,35.89990234375,402.0,91.0,0.0,,,369.0,91.0,402.0,91.0
11,,0,0,1692011750029.45,30.47900390625,402.0,91.0,0.0,,,369.0,91.0,402.0,91.0
12,,0,0,1692011750062.536,33.0859375,402.0,91.0,0.0,,,369.0,91.0,402.0,91.0
13,,0,0,1692011750099.282,36.74609375,402.0,91.0,0.0,,,369.0,91.0,402.0,91.0
14,,0,0,1692011750130.827,31.544921875,402.0,91.0,0.0,,,369.0,91.0,402.0,91.0
15,,0,0,1692011750162.036,31.208984375,402.0,91.0,0.0,,,369.0,91.0,402.0,91.0
16,,0,0,1692011750198.734,36.697998046875,402.0,91.0,0.0,,,369.0,91.0,402.0,91.0
17,,0,0,1692011750230.676,31.942138671875,402.0,91.0,0.0,,,369.0,91.0,402.0,91.0
18,,0,0,1692011750262.7,32.02392578125,402.0,91.0,0.0,,,369.0,91.0,402.0,91.0
19,,0,0,1692011750298.09,35.39013671875,402.0,91.0,0.0,,,369.0,91.0,402.0,91.0
20,,0,0,1692011750330.891,32.801025390625,402.0,91.0,0.0,,,369.0,91.0,402.0,91.0
21,,0,0,1692011750361.924,31.032958984375,402.0,91.0,0.0,,,369.0,91.0,402.0,91.0
22,,0,0,1692011750397.642,35.718017578125,402.0,91.0,0.0,,,369.0,91.0,402.0,91.0
23,,0,0,1692011750431.249,33.60693359375,402.0,91.0,0.0,,,369.0,91.0,402.0,91.0
24,,0,0,1692011750463.143,31.89404296875,402.0,91.0,0.0,,,369.0,91.0,402.0,91.0
25,,0,0,1692011750499.323,36.179931640625,402.0,91.0,0.0,,,369.0,91.0,402.0,91.0
26,,0,0,1692011750530.909,31.5859375,402.0,91.0,0.0,,,369.0,91.0,402.0,91.0
27,,0,0,1692011750559.87,28.961181640625,402.0,91.0,0.0,,,369.0,91.0,402.0,91.0
28,,0,0,1692011750596.018,36.14794921875,402.0,91.0,0.0,,,369.0,91.0,402.0,91.0
29,,0,0,1692011750629.512,33.493896484375,402.0,91.0,0.0,,,369.0,91.0,402.0,91.0
30,,0,0,1692011750662.149,32.636962890625,402.0,91.0,0.0,,,369.0,91.0,402.0,91.0
31,,0,0,1692011750696.428,34.279052734375,402.0,91.0,0.0,,,369.0,91.0,402.0,91.0
32,,0,0,1692011750728.668,32.239990234375,402.0,91.0,0.0,,,369.0,91.0,402.0,91.0
33,,0,0,1692011750760.443,31.775146484375,402.0,91.0,0.0,,,369.0,91.0,402.0,91.0
34,,0,0,1692011750796.38,35.936767578125,402.0,91.0,0.0,,,369.0,91.0,402.0,91.0
35,,0,0,1692011750826.851,30.47119140625,402.0,91.0,0.0,,,369.0,91.0,402.0,91.0
36,,0,0,1692011750858.765,31.913818359375,402.0,91.0,0.0,,,369.0,91.0,402.0,91.0
37,,0,0,1692011750899.161,40.39599609375,402.0,91.0,0.0,,,369.0,91.0,402.0,91.0
38,,0,0,1692011750930.785,31.6240234375,402.0,91.0,0.0,,,369.0,91.0,402.0,91.0
39,,0,0,1692011750962.635,31.85009765625,402.0,91.0,0.0,,,369.0,91.0,402.0,91.0
40,,0,0,1692011750998.823,36.18798828125,402.0,91.0,0.0,,,369.0,91.0,402.0,91.0
41,,0,0,1692011751030.872,32.049072265625,402.0,91.0,0.0,,,369.0,91.0,402.0,91.0
42,58,0,0,1692011751062.481,31.60888671875,402.0,91.0,0.0,,,369.0,91.0,402.0,91.0
43,58,0,0,1692011751098.821,36.340087890625,402.0,91.0,0.0,,,369.0,91.0,402.0,91.0
44,58,0,0,1692011751127.747,28.926025390625,403.0,91.0,1.0,,,369.0,91.0,402.0,91.0
45,58,0,0,1692011751159.094,31.346923828125,403.0,91.0,0.0,,,371.0,91.0,404.0,91.0
46,58,0,0,1692011751194.832,35.738037109375,405.0,91.0,2.0,,,372.0,91.0,403.0,91.0
47,58,0,0,1692011751226.705,31.873046875,406.0,91.0,1.0,,,373.0,91.0,407.0,91.0
48,58,0,0,1692011751262.601,35.89599609375,409.0,91.0,3.0,,,376.0,91.0,407.0,91.0
49,58,0,0,1692011751299.754,37.15283203125,411.0,91.0,2.0,,,378.0,91.0,412.0,91.0
50,58,0,0,1692011751327.46,27.7060546875,414.0,91.0,3.0,,,381.0,91.0,413.0,91.0
51,58,0,0,1692011751359.154,31.694091796875,417.0,91.0,3.0,,,384.0,91.0,417.0,91.0
52,58,1,0,1692011751395.126,35.971923828125,420.0,91.0,3.0,,,388.0,91.0,420.0,91.0
53,58,0,0,1692011751427.156,32.030029296875,424.0,91.0,4.0,,,392.0,91.0,423.0,91.0
54,58,0,0,1692011751459.178,32.02197265625,429.0,91.0,5.0,,,395.0,91.0,428.0,91.0
55,58,0,2,1692011751495.161,35.98291015625,433.0,90.5,4.031,,,400.0,91.0,434.0,91.0
56,58,0,0,1692011751527.28,32.119140625,438.5,90.5,5.5,,,404.5,91.0,437.0,90.0
57,58,0,0,1692011751559.165,31.885009765625,443.0,91.0,4.528,0,0.0,410.0,91.0,444.0,90.5
58,58,0,0,1692011751595.183,36.01806640625,448.5,91.0,5.5,0,0.5,416.0,90.5,447.5,91.5
59,58,0,0,1692011751627.361,32.177978515625,454.0,92.0,5.59,0,1.0,420.0,90.0,454.0,91.0
60,58,0,0,1692011751659.214,31.85302734375,461.0,93.0,7.071,0,1.0,426.5,90.0,459.5,93.0
61,58,0,0,1692011751699.416,40.201904296875,466.0,95.0,5.385,0,0.5,433.5,90.0,468.0,94.0
62,58,0,0,1692011751728.28,28.864013671875,472.5,97.0,6.801,0,0.6073733934116607,439.5,90.0,471.0,97.0
63,58,0,0,1692011751759.834,31.553955078125,479.0,99.5,6.964,0,1.0,447.0,90.0,479.0,99.0
64,58,0,0,1692011751795.304,35.469970703125,485.0,102.5,6.708,0,0.8944271909999159,453.5,91.0,485.5,102.0
65,58,0,0,1692011751827.325,32.02099609375,491.0,106.0,6.946,0,0.9899494936611686,461.0,92.0,491.0,105.5
66,58,0,0,1692011751859.126,31.801025390625,497.0,110.5,7.5,0,1.6909936308157525,468.5,94.0,497.0,109.5
67,58,0,0,1692011751900.262,41.135986328125,503.0,115.5,7.81,0,1.0769372379266153,475.5,97.0,503.0,115.0
68,58,0,0,1692011751931.511,31.2490234375,509.0,121.5,8.485,0,1.3416407864998865,483.0,100.0,509.0,120.5
69,58,0,0,1692011751961.736,30.22509765625,513.0,127.0,6.801,0,1.4756222890348238,490.5,104.0,515.0,127.5
70,58,0,0,1692011751998.764,37.02783203125,519.0,133.5,8.846,0,1.8999999999999886,497.5,108.5,517.0,132.5
71,58,0,0,1692011752030.55,31.7861328125,523.0,140.5,8.062,0,2.1213203435596424,504.5,114.0,525.0,140.0
72,58,0,0,1692011752062.655,32.10498046875,526.5,147.5,7.826,0,2.4748737341529163,510.5,119.5,527.0,147.5
73,58,0,0,1692011752099.178,36.52294921875,530.0,156.5,9.657,0,2.9109521075627725,516.5,126.5,530.0,154.5
74,58,0,0,1692011752130.812,31.634033203125,532.0,165.0,8.732,0,2.604729426373335,522.0,133.5,533.5,165.5
75,58,0,0,1692011752162.681,31.868896484375,534.0,173.5,8.732,0,2.23606797749979,526.0,141.5,534.0,173.5
76,58,0,0,1692011752198.761,36.080078125,534.0,182.5,9.0,0,2.174677566929698,530.0,150.5,536.0,182.0
77,58,0,0,1692011752230.704,31.943115234375,535.0,192.0,9.552,0,2.347653170686827,533.0,159.0,534.0,191.5
78,58,0,0,1692011752261.007,30.302978515625,534.0,201.5,9.552,0,2.004094170098552,535.0,169.0,536.0,201.5
79,58,0,0,1692011752294.855,33.847900390625,532.0,210.5,9.22,0,3.0,537.0,178.0,533.0,211.0
80,58,0,0,1692011752326.98,32.125,530.0,220.5,10.198,0,2.4600924361739867,537.0,187.5,530.0,219.5
81,58,0,0,1692011752358.931,31.950927734375,526.0,229.0,9.394,0,2.6171196129510506,537.0,198.0,528.0,230.5
82,58,0,0,1692011752400.197,41.26611328125,522.0,237.5,9.394,0,2.2777698070959143,535.0,207.5,522.0,237.5
83,58,0,0,1692011752431.461,31.263916015625,517.0,246.0,9.862,0,2.2553355540891054,533.0,217.0,518.0,246.0
84,58,0,0,1692011752464.617,33.156005859375,511.0,254.0,10.0,0,3.6724994383452296,531.0,227.0,512.0,254.5
85,58,0,0,1692011752500.03,35.4130859375,505.0,261.0,9.22,0,3.193477772474139,526.0,236.5,505.0,262.0
86,58,0,0,1692011752532.714,32.68408203125,498.0,267.0,9.22,0,3.1942267973494216,521.0,245.5,499.0,268.0
87,58,0,0,1692011752559.056,26.341796875,490.0,273.0,10.0,0,3.299999999999983,515.5,253.5,491.0,273.0
88,58,0,0,1692011752595.16,36.10400390625,482.0,278.0,9.434,0,3.037026409461205,509.0,261.0,482.0,279.0
89,58,0,0,1692011752627.171,32.010986328125,474.0,282.5,9.179,0,2.711630722733196,501.0,268.0,474.0,283.0
90,58,0,0,1692011752659.029,31.858154296875,464.0,286.0,10.595,0,2.5999999999999885,493.0,274.0,466.0,287.0
91,58,0,0,1692011752698.349,39.320068359375,454.0,289.0,10.44,0,1.907996184011466,484.0,279.0,454.0,289.5
92,58,0,0,1692011752730.573,32.223876953125,444.0,290.5,10.112,0,1.4157875345490207,474.0,284.0,444.0,292.0
93,58,0,3,1692011752762.54,31.967041015625,434.0,291.5,10.05,0,1.7461379592771136,465.0,287.5,434.0,292.0
94,58,0,0,1692011752798.499,35.958984375,424.0,291.5,10.0,0,2.2030004560086374,455.0,291.0,424.0,292.5
95,58,0,0,1692011752829.632,31.133056640625,414.0,290.5,10.05,0,2.48759297552499,444.0,293.0,414.0,291.5
96,58,0,0,1692011752861.807,32.1748046875,404.0,290.5,10.0,0,2.039826239930472,434.5,293.5,404.0,289.5
97,58,0,0,1692011752899.937,38.130126953125,394.0,290.5,10.0,0,2.0,425.0,293.5,394.0,290.5
98,58,0,0,1692011752930.897,30.9599609375,384.0,290.5,10.0,0,1.9403225209094732,414.5,292.5,384.0,290.5
99,58,0,0,1692011752962.791,31.89404296875,374.0,290.5,10.0,0,1.0,404.5,291.5,374.0,290.5
100,58,0,0,1692011752998.713,35.921875,362.0,290.5,12.0,0,0.0,393.5,290.5,364.0,290.5
101,58,0,0,1692011753030.849,32.13623046875,352.0,290.5,10.0,0,0.0,383.5,290.5,350.0,290.5
102,58,0,0,1692011753062.648,31.798828125,342.0,291.0,10.012,0,1.0,372.5,289.5,342.0,290.5
103,58,0,0,1692011753098.241,35.593017578125,329.0,291.0,13.0,0,0.0,361.5,290.5,332.0,291.5
104,58,0,0,1692011753127.131,28.89013671875,321.0,291.0,8.0,0,0.09987523388781001,350.0,290.5,316.0,291.0
105,58,0,0,1692011753159.146,32.014892578125,307.5,291.0,13.5,0,0.5,339.5,290.5,313.0,291.0
106,58,0,0,1692011753195.374,36.22802734375,296.0,291.5,11.511,0,0.0,328.0,291.0,294.0,291.0
107,58,0,0,1692011753230.616,35.241943359375,284.5,291.5,11.5,0,0.5,316.0,291.5,284.5,292.0
108,58,0,0,1692011753262.644,32.028076171875,274.0,291.5,10.5,0,0.36921640634858177,304.5,291.5,273.0,291.5
109,58,0,0,1692011753294.977,32.3330078125,262.0,291.5,12.0,0,0.0,292.0,291.5,263.5,291.5
110,58,0,0,1692011753331.232,36.2548828125,250.0,292.0,12.01,0,0.0,281.0,291.5,250.0,291.5
111,58,0,0,1692011753363.066,31.833984375,238.0,292.0,12.0,0,0.0,269.0,291.5,238.0,292.5
112,58,0,0,1692011753398.683,35.6171875,226.0,292.0,12.0,0,0.24978326827310693,256.0,291.5,226.0,292.0
113,58,0,0,1692011753430.694,32.010986328125,214.0,292.0,12.0,0,0.5,245.0,291.5,214.0,292.0
114,58,0,0,1692011753462.676,31.98193359375,202.0,292.5,12.01,0,0.5,233.0,291.5,202.0,292.0
115,58,0,0,1692011753498.589,35.9130859375,189.5,293.0,12.51,0,0.5,220.5,291.5,190.0,293.0
116,58,0,0,1692011753530.517,31.927978515625,176.0,293.0,13.5,0,0.18733745120481599,206.5,292.5,177.0,293.5
117,58,0,0,1692011753563.407,32.889892578125,164.0,293.0,12.0,0,0.2797762684421215,195.0,292.5,162.5,293.0
118,58,0,0,1692011753598.604,35.197021484375,151.0,293.0,13.0,0,0.5,183.0,292.5,152.0,293.0
119,58,0,4,1692011753630.5,31.89599609375,139.0,293.0,12.0,0,0.5,170.5,292.5,138.0,293.0
120,58,0,0,1692011753662.552,32.052001953125,126.0,293.0,13.0,0,0.0,157.0,293.0,127.0,293.0
121,58,0,0,1692011753695.405,32.85302734375,114.0,291.5,12.093,0,0.5,145.0,293.5,113.0,293.0
122,58,0,0,1692011753727.456,32.051025390625,102.0,288.5,12.369,0,0.5,133.0,293.5,102.0,290.0
123,58,0,0,1692011753762.779,35.322998046875,91.0,284.0,11.885,0,1.1163126113029007,121.0,293.5,90.0,285.5
124,58,0,0,1692011753798.686,35.906982421875,81.0,278.5,11.413,0,1.6977493752543102,109.0,292.0,80.0,279.5
125,58,0,0,1692011753830.643,31.95703125,71.5,272.0,11.511,0,2.166621283845109,97.5,289.0,71.0,273.0
126,58,0,0,1692011753858.716,28.072998046875,64.0,264.5,10.607,0,3.482958236989649,86.5,285.5,62.0,265.5
127,58,0,0,1692011753895.168,36.451904296875,57.0,257.0,10.259,0,5.0169994039134265,76.5,281.5,56.5,257.0
128,58,0,0,1692011753930.022,34.85400390625,51.0,248.5,10.404,0,5.303300858899107,67.0,275.0,50.0,249.5
129,58,0,0,1692011753962.455,32.43310546875,45.5,241.0,9.301,0,6.7257084678344015,59.0,269.0,45.0,240.0
130,58,0,0,1692011753998.594,36.138916015625,40.0,232.5,10.124,0,5.994653199591519,53.0,261.5,40.0,233.5
131,58,0,0,1692011754030.721,32.126953125,36.5,223.5,9.657,0,6.151287441052327,47.0,253.5,34.5,224.0
132,58,0,0,1692011754062.552,31.8310546875,34.0,215.0,8.86,0,4.892190308191285,42.0,244.5,33.0,214.5
133,58,0,0,1692011754098.841,36.2890625,32.0,205.5,9.708,0,3.308894148776135,38.0,235.5,31.5,206.5
134,58,0,0,1692011754130.946,32.10498046875,30.0,196.5,9.22,0,3.5985735928955616,34.0,227.0,30.0,196.0
135,58,0,0,1692011754162.695,31.7490234375,30.0,186.5,10.0,0,2.7652299751171916,32.0,218.0,28.0,187.5
136,58,0,0,1692011754198.209,35.513916015625,30.5,176.5,10.012,0,2.472125772598106,30.0,208.0,30.0,176.5
137,58,0,0,1692011754231.627,33.41796875,32.0,167.0,9.618,0,2.1693045781865608,28.0,197.5,31.0,166.5
138,58,0,0,1692011754259.235,27.608154296875,34.0,157.5,9.708,0,2.0,28.0,188.0,33.5,157.5
139,58,0,0,1692011754295.223,35.98779296875,38.0,148.0,10.308,0,2.4219744217787733,28.0,178.0,36.0,148.0
140,58,0,0,1692011754327.14,31.9169921875,42.0,139.0,9.849,0,1.7415820704486207,30.0,168.5,42.0,138.5
141,58,0,0,1692011754359.161,32.02099609375,47.0,131.0,9.434,0,1.7510890889236543,32.0,158.5,46.0,130.0
142,58,0,0,1692011754395.286,36.125,53.0,123.5,9.605,0,3.298484500494128,34.0,149.0,52.0,123.0
143,58,0,0,1692011754427.031,31.7451171875,59.0,117.0,8.846,0,3.046038495400853,38.0,140.5,59.0,116.0
144,58,0,0,1692011754462.817,35.785888671875,69.0,110.5,11.927,0,1.7489965020104972,44.0,132.5,65.0,110.5
145,58,0,0,1692011754500.131,37.314208984375,75.0,105.0,8.139,0,2.0302589045518777,50.0,124.0,79.0,104.0
146,58,0,0,1692011754531.929,31.7978515625,85.0,100.5,10.966,0,2.204410333882468,56.0,117.0,81.0,99.5
147,58,0,0,1692011754563.799,31.8701171875,92.0,97.0,7.826,0,2.997435928274783,63.5,110.5,95.0,96.0
148,58,0,0,1692011754598.828,35.02880859375,104.0,94.0,12.369,0,2.365036199810718,71.5,105.0,99.0,93.5
149,58,0,0,1692011754630.413,31.585205078125,111.0,92.5,7.159,0,1.6414587093151953,81.0,100.5,116.0,91.0
150,58,0,0,1692011754660.612,30.198974609375,121.5,91.5,10.548,0,1.7888543819998253,89.0,96.5,118.0,91.0
151,58,,,,,,,,,,,,132.0,90.5
152,58,,,,,,,,,,,,,
153,58,,,,,,,,,,,,,
154,58,,,,,,,,,,,,,
155,58,,,,,,,,,,,,,
156,58,,,,,,,,,,,,,
157,58,,,,,,,,,,,,,
158,58,,,,,,,,,,,,,
159,58,0,0,1692011754960.948,300.3359375,217.0,92.5,95.505,,,,,,
160,58,0,0,1692011754995.043,34.094970703125,226.0,92.5,9.0,,,,,217.0,93.0
161,58,0,0,1692011755026.851,31.80810546875,237.5,92.5,11.5,,,,,235.0,92.5
162,58,0,0,1692011755059.064,32.212890625,248.0,92.0,10.512,,,,,249.0,92.5
163,58,0,0,1692011755095.466,36.402099609375,260.0,92.0,12.0,,,,,258.5,91.5
164,58,0,0,1692011755127.116,31.64990234375,271.0,92.0,11.0,0,0.09513029883090152,239.5,92.5,272.0,92.0
165,58,0,0,1692011755159.066,31.949951171875,283.0,92.0,12.0,0,0.0,250.5,92.0,282.0,92.0
166,58,0,0,1692011755195.741,36.675048828125,294.5,92.0,11.5,0,0.0,262.0,92.0,295.0,92.0
167,58,0,0,1692011755227.277,31.5361328125,306.5,92.0,12.0,0,0.0,274.0,92.0,306.0,92.0
168,58,0,0,1692011755258.801,31.52392578125,319.0,92.0,12.5,0,0.0,286.5,92.0,318.5,92.0
169,58,0,0,1692011755300.63,41.828857421875,331.0,92.0,12.0,0,0.0,298.5,92.0,331.5,92.0
170,58,0,0,1692011755331.095,30.465087890625,344.0,92.0,13.0,0,0.5,311.0,91.5,343.0,92.0
171,58,0,0,1692011755363.171,32.075927734375,356.0,91.5,12.01,0,0.0,323.0,92.0,357.0,92.0
172,58,0,0,1692011755399.279,36.108154296875,368.5,91.5,12.5,0,1.0,336.0,91.0,368.0,91.0
173,58,0,0,1692011755430.8,31.52099609375,381.0,91.5,12.5,0,0.12489163413653925,347.0,92.0,381.0,91.5
174,58,0,0,1692011755462.76,31.9599609375,395.0,91.5,14.0,0,0.5,361.0,92.0,393.5,91.5
175,58,0,0,1692011755499.123,36.363037109375,407.0,91.5,12.0,0,0.0,375.0,91.5,409.0,91.5
176,58,1,0,1692011755530.794,31.6708984375,421.0,91.0,14.009,0,0.5,388.5,91.0,419.0,91.5
177,58,0,2,1692011755559.962,29.16796875,435.0,91.0,14.0,0,0.5,401.5,91.0,435.0,90.5
178,58,0,0,1692011755596.817,36.85498046875,448.5,91.0,13.5,0,0.2141491830744688,415.0,91.0,449.0,91.0
179,58,0,0,1692011755628.893,32.076171875,461.0,93.5,12.748,0,1.0,428.5,90.0,462.0,91.0
180,58,0,0,1692011755665.188,36.294921875,474.0,97.5,13.601,0,1.0,441.0,90.0,473.5,96.0
181,58,0,0,1692011755704.287,39.09912109375,486.0,103.0,13.2,0,1.961161351381832,456.0,90.5,487.0,101.5
182,58,0,0,1692011755733.687,29.39990234375,497.0,110.0,13.038,0,3.308465799422133,469.0,92.5,498.0,108.5
183,58,0,0,1692011755762.519,28.83203125,505.0,118.0,11.314,0,4.734712619241068,481.0,95.5,508.0,117.0
184,58,0,0,1692011755799.523,37.00390625,513.0,126.5,11.673,0,5.867282164682374,493.0,100.5,513.0,126.0
185,58,0,0,1692011755835.11,35.587158203125,518.5,135.0,10.124,0,7.7781745930520225,504.0,106.0,521.0,135.0
186,58,0,0,1692011755863.793,28.682861328125,523.0,143.5,9.618,1,8.88832344022098,512.5,113.0,524.0,143.5
187,58,0,0,1692011755902.281,38.488037109375,526.0,152.5,9.487,1,9.219544457292887,520.0,120.5,527.5,152.0
188,58,0,0,1692011755933.139,30.85791015625,530.0,161.5,9.849,1,9.55628384758476,526.0,129.0,529.0,161.5
189,58,0,0,1692011755965.267,32.128173828125,532.0,169.5,8.246,1,9.669679555326681,530.5,137.0,534.0,170.5
190,58,0,0,1692011756002.044,36.77685546875,532.5,178.5,9.014,1,9.96117462953044,534.0,145.0,534.0,177.5
191,58,0,0,1692011756034.577,32.532958984375,534.0,186.5,8.139,1,8.98581356143254,536.5,154.0,533.0,187.5
192,58,0,0,1692011756065.869,31.2919921875,534.0,195.0,8.5,0,7.639872188644453,538.0,162.0,535.5,194.5
193,58,0,0,1692011756103.483,37.614013671875,533.5,202.5,7.517,0,6.96148746262659,539.0,170.0,534.0,203.5
194,58,0,0,1692011756133.409,29.926025390625,532.0,211.0,8.631,0,5.405797028138739,538.0,178.5,533.0,210.0
195,58,0,0,1692011756160.649,27.239990234375,530.0,219.5,8.732,0,3.0,537.0,187.5,530.5,219.5
196,58,0,0,1692011756201.629,40.97998046875,526.5,228.0,9.192,0,1.5631967473086439,535.5,196.0,528.0,228.0
197,58,0,0,1692011756234.635,33.006103515625,523.0,236.5,9.192,0,1.9985313399540747,535.0,205.5,523.0,236.5
198,58,0,0,1692011756265.926,31.291015625,518.5,244.5,9.179,0,1.889574503235752,533.0,215.0,519.5,245.0
199,58,0,0,1692011756303.475,37.549072265625,513.0,252.0,9.301,0,0.979070927796755,529.0,224.5,514.0,252.5
200,58,0,0,1692011756333.11,29.635009765625,507.0,259.0,9.22,0,2.5564629781359316,527.0,233.5,507.5,259.5
201,58,0,0,1692011756366.045,32.934814453125,499.5,265.5,9.925,0,3.431828677427908,523.0,243.5,501.0,266.0
202,58,0,0,1692011756399.192,33.14697265625,492.0,271.5,9.605,0,2.9299381516090546,517.0,251.5,492.0,272.0
203,58,0,0,1692011756434.629,35.43701171875,484.0,276.5,9.434,0,3.3624220961891766,511.0,259.5,484.5,277.5
204,58,0,0,1692011756465.32,30.691162109375,476.0,280.5,8.944,0,3.979962502693045,505.0,266.0,476.0,281.5
205,58,0,0,1692011756503.077,37.7568359375,468.0,284.5,8.944,0,3.9043440472151607,497.0,272.5,468.0,284.5
206,58,0,0,1692011756534.175,31.09814453125,458.0,287.0,10.308,0,2.9679940640178444,488.0,277.5,460.0,288.5
207,58,0,0,1692011756567.274,33.098876953125,449.0,289.5,9.341,0,3.3541019662496847,479.5,282.5,448.0,289.5
208,58,0,0,1692011756602.039,34.76513671875,439.0,290.5,10.05,0,2.4596747752497685,469.5,286.5,440.0,292.0
209,58,0,3,1692011756634.147,32.10791015625,429.0,291.5,10.05,0,2.910427500435982,460.0,289.5,429.0,291.5
210,58,0,0,1692011756665.22,31.072998046875,419.0,291.0,10.012,0,2.1946796830459454,450.0,291.5,419.0,292.5
211,58,0,0,1692011756702.622,37.402099609375,408.5,290.5,10.512,0,2.437841116014462,438.5,293.0,409.0,290.5
212,58,0,0,1692011756733.782,31.159912109375,398.0,290.5,10.5,0,2.0,429.0,293.5,398.0,290.0
213,58,0,0,1692011756765.995,32.213134765625,388.0,290.5,10.0,0,2.0453014248643515,418.0,293.0,387.5,290.5
214,58,0,0,1692011756796.752,30.7568359375,378.0,290.5,10.0,0,1.0,408.0,291.5,378.0,290.5
215,58,0,0,1692011756831.194,34.442138671875,366.0,290.5,12.0,0,0.5,398.0,291.0,368.0,290.5
216,58,0,0,1692011756864.778,33.583984375,356.0,291.0,10.012,0,0.0,386.0,290.5,354.0,290.5
217,58,0,0,1692011756903.195,38.4169921875,343.0,291.0,13.0,0,0.0,374.5,290.5,346.0,291.5
218,58,0,0,1692011756934.301,31.10595703125,334.0,291.0,9.0,0,0.09987523388781001,364.0,290.5,330.0,291.0
219,58,0,0,1692011756966.53,32.22900390625,320.5,291.0,13.5,0,0.5,352.5,290.5,325.0,291.0
220,58,0,0,1692011756996.259,29.72900390625,311.0,291.0,9.5,0,0.5,341.0,290.5,307.0,291.0
221,58,0,0,1692011757031.841,35.58203125,296.5,291.0,14.5,0,0.5,329.5,290.5,301.5,291.0
222,58,0,0,1692011757064.141,32.300048828125,286.0,291.5,10.512,0,0.0,318.0,291.0,282.0,291.0
223,58,0,0,1692011757102.408,38.266845703125,274.0,291.5,12.0,0,0.5,304.5,291.5,275.5,292.0
224,58,0,0,1692011757133.011,30.60302734375,262.0,292.0,12.01,0,0.2853908964926775,292.0,291.5,262.0,291.5
225,58,0,0,1692011757167.007,33.99609375,249.0,292.0,13.0,0,0.0,279.5,291.5,250.0,292.5
226,58,0,0,1692011757195.523,28.515869140625,236.0,292.0,13.0,0,0.2914138129852622,267.0,291.5,236.0,292.0
227,58,0,0,1692011757228.899,33.3759765625,224.0,292.0,12.0,0,0.5,255.0,291.5,223.0,292.0
228,58,0,0,1692011757260.242,31.343017578125,211.0,292.5,13.01,0,0.5,242.5,291.5,212.0,292.0
229,58,0,0,1692011757297.054,36.81201171875,198.0,292.5,13.0,0,0.5,230.0,291.5,198.0,293.0
230,58,0,0,1692011757328.859,31.804931640625,185.5,293.0,12.51,0,0.23059873260724822,217.0,292.5,185.0,292.5
231,58,0,0,1692011757361.289,32.43017578125,172.0,293.0,13.5,0,0.0,202.5,292.5,173.0,293.5
232,58,0,0,1692011757396.701,35.411865234375,158.5,293.0,13.5,0,0.29976028761655843,190.5,292.5,158.5,293.0
233,58,0,0,1692011757429.119,32.41796875,146.0,293.0,12.5,0,0.5,177.0,292.5,145.0,293.0
234,58,0,4,1692011757460.77,31.651123046875,132.0,293.0,14.0,0,0.5,164.0,292.5,133.5,293.0
235,58,0,0,1692011757497.26,36.489990234375,120.0,292.5,12.01,0,0.5,151.0,293.5,118.0,293.0
236,58,0,0,1692011757528.348,31.087890625,106.5,289.5,13.829,0,0.5,137.5,293.5,108.0,292.0
237,58,0,0,1692011757561.078,32.72998046875,95.0,285.5,12.176,0,0.790980349531421,125.0,293.5,93.0,286.5
238,58,0,0,1692011757596.64,35.56201171875,85.0,280.0,11.413,0,1.5185132047306087,113.0,292.5,83.5,281.5
239,58,0,0,1692011757629.222,32.58203125,75.0,273.5,11.927,0,2.7513602338831733,101.0,290.5,75.0,274.5
240,58,0,0,1692011757659.865,30.64306640625,65.5,266.5,11.8,0,3.767728407309559,89.0,286.5,65.0,267.0
241,58,0,0,1692011757696.981,37.115966796875,59.0,258.5,10.308,0,5.785260952474387,79.0,283.0,56.0,259.5
242,58,0,0,1692011757732.993,36.011962890625,52.0,250.5,10.63,0,6.270961259384114,68.5,276.5,52.5,250.5
243,58,0,0,1692011757765.98,32.987060546875,46.0,242.5,10.0,0,5.772347875864719,60.5,269.5,45.0,242.5
244,58,0,0,1692011757801.935,35.955078125,41.5,234.0,9.618,0,6.396901905008456,54.0,262.5,40.0,234.5
245,58,0,0,1692011757834.671,32.73583984375,38.0,225.0,9.657,0,5.644325210301578,48.0,254.5,37.0,225.5
246,58,0,0,1692011757862.738,28.067138671875,34.0,215.5,10.308,0,5.0,42.0,245.5,34.5,216.0
247,58,0,0,1692011757899.605,36.866943359375,32.0,206.5,9.22,0,4.496920868471808,38.0,237.0,30.0,206.0
248,58,0,0,1692011757932.948,33.343017578125,30.0,197.0,9.708,0,3.805685742126962,34.5,226.5,30.0,197.5
249,58,0,0,1692011757966.782,33.833984375,30.0,186.5,10.5,0,2.8134132504214637,32.0,218.0,28.0,187.5
250,58,0,0,1692011758001.142,34.360107421875,30.5,176.5,10.012,0,2.2777698070958934,30.0,208.0,30.0,176.0
251,58,0,0,1692011758035.371,34.22900390625,32.0,166.5,10.112,0,1.5708299180050433,28.5,197.5,31.0,166.5
252,58,0,0,1692011758065.534,30.162841796875,34.0,157.0,9.708,0,2.0,28.0,188.0,33.5,156.5
253,58,0,0,1692011758102.848,37.31396484375,38.0,147.5,10.308,0,1.9475670608117985,28.5,177.5,36.0,147.5
254,58,0,0,1692011758133.359,30.510986328125,42.0,138.5,9.849,0,1.8295322528063511,30.0,167.5,42.0,138.0
255,58,0,0,1692011758166.248,32.88916015625,47.0,129.5,10.296,0,1.8540943294485779,32.0,157.5,46.0,129.5
256,58,0,0,1692011758201.515,35.266845703125,53.0,122.0,9.605,0,2.3040884378451687,35.5,147.5,52.0,120.5
257,58,0,0,1692011758235.116,33.60107421875,61.0,115.5,10.308,0,1.8276230972405143,40.0,138.5,59.0,114.5
258,58,0,0,1692011758266.012,30.89599609375,69.0,109.5,10.0,0,1.5054930866537575,45.0,130.0,69.0,109.0
259,58,0,0,1692011758302.441,36.428955078125,77.0,104.0,9.708,0,0.7808688094430282,52.0,122.0,77.0,103.5
260,58,0,0,1692011758327.647,25.2060546875,88.0,99.0,12.083,0,1.6492422502470645,59.0,115.0,85.0,98.5
261,58,0,0,1692011758360.78,33.133056640625,95.0,96.0,7.616,0,1.5999999999999972,67.0,109.0,99.0,94.0
262,58,0,0,1692011758398.727,37.947021484375,106.5,93.5,11.769,0,2.2403639814170275,74.5,103.0,102.0,93.0
263,58,0,0,1692011758434.126,35.39892578125,115.0,91.5,8.732,0,2.1103950159360325,84.0,98.5,118.0,91.0
264,58,0,0,1692011758465.414,31.2880859375,128.0,91.5,13.0,0,0.8534918135881929,94.0,95.5,123.5,89.5
265,58,,,,,,,,,,,,141.0,91.5
266,58,,,,,,,,,,,,,
267,58,,,,,,,,,,,,,
268,58,,,,,,,,,,,,,
269,58,,,,,,,,,,,,,
270,58,,,,,,,,,,,,,
271,58,,,,,,,,,,,,,
272,58,,,,,,,,,,,,,
273,58,0,0,1692011758762.929,297.514892578125,221.5,92.5,93.505,,,,,,
274,58,0,0,1692011758796.475,33.546142578125,232.0,92.5,10.5,,,,,222.0,93.0
275,58,0,0,1692011758834.272,37.796875,244.0,92.0,12.01,,,,,242.5,92.5
276,58,0,0,1692011758865.481,31.208984375,256.0,91.5,12.01,,,,,256.0,91.5
277,58,0,0,1692011758903.006,37.525146484375,268.0,92.0,12.01,0,0.18733745120481599,236.5,92.5,268.0,91.0
278,58,0,0,1692011758928.77,25.763916015625,280.0,92.0,12.0,0,0.1457069064926323,247.5,92.0,280.0,92.5
279,58,0,0,1692011758963.406,34.635986328125,292.0,92.0,12.0,0,0.3330443576974483,260.0,92.0,292.0,92.0
280,58,0,0,1692011759000.144,36.738037109375,304.0,92.0,12.0,0,0.5,272.0,92.5,304.0,92.0
281,58,0,0,1692011759035.423,35.279052734375,316.5,92.0,12.5,0,0.0,284.0,92.0,316.0,92.0
282,58,0,0,1692011759065.605,30.181884765625,330.0,92.0,13.5,0,0.0,297.0,92.0,329.0,92.0
283,58,0,0,1692011759102.654,37.049072265625,342.0,92.0,12.0,0,1.0,309.0,91.0,343.5,92.0
284,58,0,0,1692011759129.256,26.60205078125,355.0,91.5,13.01,0,1.0,322.0,91.0,354.0,92.0
285,58,0,0,1692011759161.204,31.947998046875,368.0,91.5,13.0,0,1.0,334.5,91.0,368.0,91.0
286,58,0,0,1692011759199.435,38.23095703125,381.0,91.5,13.0,0,0.2305987326072198,348.0,92.0,381.0,91.5
287,58,0,0,1692011759233.897,34.4619140625,395.0,91.0,14.009,0,0.5,361.0,92.0,394.0,91.5
288,58,0,0,1692011759260.091,26.194091796875,409.0,91.0,14.0,0,0.0,375.0,91.5,409.0,90.5
289,58,1,0,1692011759297.287,37.196044921875,422.0,90.5,13.01,0,0.19630341781826663,389.5,91.0,423.0,91.0
290,58,0,2,1692011759333.277,35.989990234375,437.0,91.0,15.008,0,0.0,403.0,91.0,435.0,90.0
291,58,0,0,1692011759366.129,32.851806640625,449.5,91.0,12.5,0,0.2882484157590329,416.5,91.0,452.0,91.5
292,58,0,0,1692011759400.822,34.693115234375,463.0,94.0,13.829,0,0.2831760569774242,430.5,90.5,462.0,91.0
293,58,0,0,1692011759433.916,33.093994140625,476.0,98.0,13.601,0,1.5,444.5,89.5,476.5,97.0
294,58,0,0,1692011759459.731,25.81494140625,488.0,104.5,13.647,0,2.44046765045987,458.5,90.5,489.0,102.0
295,58,0,0,1692011759496.453,36.721923828125,498.0,111.5,12.207,0,3.933398228201874,471.5,92.5,500.0,111.0
296,58,0,0,1692011759528.161,31.7080078125,507.0,120.5,12.728,0,6.045132269940313,485.0,96.0,508.0,118.5
297,58,0,0,1692011759561.107,32.946044921875,513.5,128.5,10.308,1,8.02847282108659,497.0,101.0,516.0,129.5
298,58,0,0,1692011759596.493,35.385986328125,519.0,137.5,10.548,1,9.545941546018392,507.5,107.5,520.0,136.5
299,58,0,0,1692011759628.011,31.51806640625,524.0,146.0,9.862,1,10.7685817516132,516.0,114.5,524.5,146.5
300,58,0,0,1692011759664.169,36.157958984375,528.0,155.5,10.308,1,12.619429464123963,524.0,121.5,529.0,154.5
301,58,0,0,1692011759702.397,38.22802734375,530.0,162.5,7.28,1,12.704418412151345,529.0,129.5,532.0,165.0
302,58,0,0,1692011759733.402,31.005126953125,532.0,170.5,8.246,1,12.06707901220877,533.0,137.5,532.0,169.5
303,58,0,0,1692011759766.068,32.666015625,532.0,178.0,7.5,1,11.835738501773022,536.0,144.0,534.0,178.5
304,58,0,0,1692011759800.832,34.763916015625,533.5,185.5,7.649,1,9.656603957913983,537.0,152.0,532.0,185.5
305,58,0,0,1692011759833.605,32.77294921875,534.0,192.5,7.018,1,8.246211251235321,538.0,160.5,535.0,193.0
306,58,0,0,1692011759864.523,30.91796875,534.0,200.5,8.0,0,6.548461875981011,538.0,167.5,534.5,199.5
307,58,0,0,1692011759901.811,37.2880859375,532.0,207.5,7.28,0,5.0,537.0,175.5,534.0,208.5
308,58,0,0,1692011759932.75,30.93896484375,531.5,215.5,8.016,0,2.9417420270727326,536.0,183.0,530.0,214.5
309,58,0,0,1692011759963.471,30.720947265625,528.5,223.5,8.544,0,1.0687057498186507,535.0,191.5,531.0,223.5
310,58,0,0,1692011759998.924,35.453125,526.0,231.5,8.382,0,1.0,535.0,199.5,525.5,231.5
311,58,0,0,1692011760031.906,32.98193359375,522.0,239.0,8.5,0,1.0916200077156275,533.0,209.0,523.5,239.5
312,58,0,0,1692011760062.673,30.76708984375,517.0,246.5,9.014,0,0.23408229439225448,531.0,217.5,518.0,246.5
313,58,0,0,1692011760100.29,37.616943359375,511.0,253.5,9.22,0,1.8493049574428548,529.5,226.5,512.0,254.0
314,58,0,0,1692011760131.668,31.3779296875,505.0,260.0,8.846,0,2.7647058823529544,527.0,235.5,505.0,260.5
315,58,0,0,1692011760160.633,28.965087890625,499.0,266.0,8.485,0,2.496150883013547,522.0,243.5,499.0,266.5
316,58,0,0,1692011760202.815,42.181884765625,492.0,271.5,8.902,0,3.2539568672798675,517.0,251.5,493.0,272.0
317,58,0,0,1692011760228.395,25.580078125,484.0,276.5,9.434,0,3.3914005136653356,511.0,258.5,485.0,277.0
318,58,0,0,1692011760264.947,36.552001953125,476.0,281.0,9.179,0,3.181980515339464,504.0,265.5,476.0,281.5
319,58,0,0,1692011760301.915,36.968017578125,468.0,284.5,8.732,0,3.089107759659546,497.0,271.5,468.0,285.5
320,58,0,0,1692011760332.6,30.68505859375,459.0,287.5,9.487,0,2.119995760012726,488.0,276.5,460.0,288.0
321,58,0,0,1692011760365.891,33.291015625,449.0,289.5,10.198,0,1.9065714874599764,479.0,281.5,450.0,290.5
322,58,0,0,1692011760398.85,32.958984375,440.0,291.0,9.124,0,1.9182044199514487,470.5,285.5,439.0,291.5
323,58,0,3,1692011760431.244,32.393798828125,430.0,291.5,10.012,0,2.2135943621178833,460.0,289.5,431.0,292.5
324,58,0,0,1692011760463.131,31.88720703125,420.0,291.0,10.012,0,2.1572774865200466,450.0,291.5,420.0,292.0
325,58,0,0,1692011760498.465,35.333984375,410.0,290.5,10.012,0,2.6303837968857073,441.0,293.5,410.0,290.5
326,58,0,0,1692011760533.442,34.976806640625,400.0,290.5,10.0,0,2.0474422946995587,431.0,293.5,400.0,290.0
327,58,0,0,1692011760560.738,27.296142578125,390.0,290.5,10.0,0,1.9475670608118056,421.0,293.0,390.0,290.5
328,58,0,0,1692011760595.925,35.18701171875,380.0,290.5,10.0,0,1.4232220829009117,411.5,292.0,380.0,290.5
329,58,0,0,1692011760633.783,37.85791015625,370.0,290.5,10.0,0,0.5,401.0,291.0,370.0,290.5
330,58,0,0,1692011760664.851,31.068115234375,360.0,290.5,10.0,0,0.0,390.0,290.5,360.0,290.5
331,58,0,0,1692011760701.669,36.81787109375,349.0,291.0,11.011,0,0.0,380.0,290.5,350.0,290.5
332,58,0,0,1692011760732.93,31.260986328125,338.0,291.0,11.0,0,0.0,369.0,290.5,338.0,291.5
333,58,0,0,1692011760765.575,32.64501953125,328.0,291.0,10.0,0,0.09081532183728447,358.0,290.5,327.0,291.0
334,58,0,0,1692011760800.657,35.08203125,315.0,291.0,13.0,0,0.5,347.5,290.5,318.0,291.0
335,58,0,0,1692011760834.537,33.880126953125,304.5,291.0,10.5,0,0.5,336.0,290.5,302.0,291.0
336,58,0,0,1692011760864.975,30.43798828125,294.0,291.5,10.512,0,0.0,324.0,291.0,294.0,291.0
337,58,0,0,1692011760902.219,37.243896484375,282.0,291.5,12.0,0,0.5,313.0,291.5,283.5,292.0
338,58,0,0,1692011760933.323,31.10400390625,270.0,291.5,12.0,0,0.19026059766180303,300.5,291.0,270.0,291.5
339,58,0,0,1692011760965.092,31.76904296875,258.0,291.5,12.0,0,0.0,289.0,291.5,258.0,291.5
340,58,0,0,1692011761000.994,35.90185546875,246.0,292.0,12.01,0,0.0,277.0,291.5,246.0,291.5
341,58,0,0,1692011761033.75,32.756103515625,234.0,292.0,12.0,0,0.0,265.0,291.5,234.0,292.5
342,58,0,0,1692011761064.652,30.902099609375,222.0,292.0,12.0,0,0.22896799591697248,252.5,291.5,222.0,292.0
343,58,0,0,1692011761101.394,36.741943359375,209.5,292.5,12.51,0,0.5,240.5,291.5,210.0,292.0
344,58,0,0,1692011761132.73,31.3359375,196.0,292.5,13.5,0,0.5,228.0,291.5,197.0,293.0
345,58,0,0,1692011761165.788,33.05810546875,184.0,293.0,12.01,0,0.2797762684421215,215.0,292.0,182.5,292.5
346,58,0,0,1692011761200.777,34.989013671875,172.0,293.0,12.0,0,0.0,201.5,292.5,172.0,293.5
347,58,0,0,1692011761233.789,33.011962890625,157.0,293.0,15.0,0,0.2914138129852634,189.0,292.5,160.0,293.0
348,58,0,0,1692011761262.867,29.077880859375,147.0,293.0,10.0,0,0.5,177.0,292.5,142.0,293.0
349,58,0,4,1692011761303.085,40.218017578125,131.5,293.0,15.5,0,0.0,164.5,293.0,137.0,293.0
350,58,0,0,1692011761333.264,30.178955078125,120.0,292.5,11.511,0,0.0,150.5,293.0,116.0,293.0
351,58,0,0,1692011761365.667,32.403076171875,107.0,289.5,13.342,0,0.5,138.0,293.5,108.5,292.0
352,58,0,0,1692011761400.977,35.31005859375,95.0,285.5,12.649,0,0.7818700369735299,125.0,293.5,94.0,286.5
353,58,0,0,1692011761433.652,32.675048828125,84.5,281.0,11.424,0,1.5740165468913059,113.0,292.5,83.0,281.5
354,58,0,0,1692011761459.951,26.298828125,75.0,274.0,11.8,0,2.846049894151532,101.0,290.5,74.0,276.5
355,58,0,0,1692011761502.455,42.504150390625,66.0,267.0,11.402,0,3.8078865529319543,90.0,287.5,65.5,267.0
356,58,0,0,1692011761534.052,31.596923828125,59.0,259.0,10.63,0,4.8727063839809155,79.0,283.0,57.0,260.0
357,58,0,0,1692011761565.622,31.570068359375,52.0,251.0,10.63,0,5.657024224530328,69.0,276.5,52.0,251.0
358,58,0,0,1692011761600.896,35.27392578125,46.0,243.0,10.0,0,6.067649601074202,61.0,270.5,45.0,243.0
359,58,0,0,1692011761634.139,33.242919921875,42.0,235.0,8.944,0,6.7261542089427095,54.0,263.5,40.0,235.0
360,58,0,0,1692011761664.869,30.72998046875,38.0,226.5,9.394,0,6.302829818170105,48.0,256.0,38.0,227.0
361,58,0,0,1692011761702.251,37.382080078125,34.5,217.5,9.657,0,5.300000000000006,43.5,248.5,34.0,218.0
362,58,0,0,1692011761733.201,30.949951171875,32.0,209.0,8.86,0,4.47213595499958,39.0,239.0,31.0,208.5
363,58,0,0,1692011761765.938,32.737060546875,30.5,199.5,9.618,0,3.299927031556564,36.0,230.0,29.5,200.5
364,58,0,0,1692011761801.009,35.071044921875,30.0,190.5,9.014,0,2.6665689213542603,33.0,221.0,29.0,190.0
365,58,0,0,1692011761834.033,33.02392578125,30.0,180.5,10.0,0,2.6241468131214125,30.0,211.5,29.5,181.5
366,58,0,0,1692011761865.091,31.05810546875,31.0,170.5,10.05,0,1.2996881122750905,29.5,201.5,30.0,170.5
367,58,0,0,1692011761901.969,36.8779296875,33.0,160.5,10.198,0,2.0523907260333454,28.0,191.5,32.0,160.5
368,58,0,0,1692011761932.84,30.87109375,36.0,151.5,9.487,0,2.0,28.0,181.5,35.0,150.5
369,58,0,0,1692011761961.586,28.745849609375,40.0,142.0,10.308,0,0.8457816116784908,30.0,172.0,39.0,142.5
370,58,0,0,1692011762000.622,39.0361328125,45.0,133.5,9.862,0,2.2553355540891125,30.5,161.5,44.0,132.5
371,58,0,0,1692011762034.741,34.118896484375,51.0,125.5,10.0,0,1.739252713092611,34.0,152.0,50.0,125.0
372,58,0,0,1692011762064.681,29.93994140625,57.0,120.5,7.81,0,1.2611852501889365,38.0,143.5,57.0,117.5
373,58,0,0,1692011762102.542,37.861083984375,65.0,112.5,11.314,0,2.0787825189099127,42.0,134.5,63.0,115.5
374,58,0,0,1692011762134.561,32.01904296875,72.0,107.5,8.602,0,2.1999999999999944,47.5,126.5,73.0,104.5
375,58,0,0,1692011762165.814,31.2529296875,83.0,102.0,12.298,0,2.0485900789263303,55.0,119.5,79.0,102.5
376,58,0,0,1692011762201.111,35.297119140625,89.0,98.0,7.211,0,3.181980515339464,61.0,112.0,94.0,96.5
377,58,0,0,1692011762234.328,33.216796875,100.0,95.0,11.402,0,2.1505813167606567,69.0,107.0,95.0,94.0
378,58,0,0,1692011762266.701,32.373046875,108.0,93.0,8.246,0,2.90688837074972,78.5,101.0,111.0,92.0
379,58,0,0,1692011762301.901,35.199951171875,118.0,91.5,10.112,0,1.941450686788302,87.0,97.0,116.0,91.0
380,58,0,0,1692011762328.016,26.115234375,131.0,91.5,13.0,0,1.2717341279951886,97.0,94.5,128.0,90.0
381,58,,,,,,,,,,,,144.0,91.5
382,58,,,,,,,,,,,,,
383,58,,,,,,,,,,,,,
384,58,,,,,,,,,,,,,
385,58,,,,,,,,,,,,,
386,58,,,,,,,,,,,,,
387,58,,,,,,,,,,,,,
388,58,,,,,,,,,,,,,
389,58,0,0,1692011762630.387,302.370849609375,225.5,92.5,94.505,,,,,,
390,58,0,0,1692011762659.486,29.09912109375,237.0,92.5,11.5,,,,,226.0,93.0
391,58,0,0,1692011762696.676,37.18994140625,248.0,92.0,11.011,,,,,248.5,92.5
392,58,0,0,1692011762728.463,31.786865234375,260.0,92.0,12.0,,,,,259.0,91.5
393,58,0,0,1692011762760.789,32.326171875,272.0,91.5,12.01,0,0.13622298275595637,240.0,92.5,272.0,92.0
394,58,0,0,1692011762796.504,35.71484375,284.0,91.5,12.0,0,0.0,252.0,92.0,284.0,91.0
395,58,0,0,1692011762828.92,32.416015625,296.0,92.0,12.01,0,0.16652217884872297,264.0,92.0,296.0,91.5
396,58,0,0,1692011762860.227,31.30712890625,308.5,92.0,12.5,0,1.0,276.5,92.5,308.0,92.5
397,58,0,0,1692011762897.003,36.77587890625,322.0,92.0,13.5,0,0.31222908534135524,288.5,92.0,321.0,92.0
398,58,0,0,1692011762927.986,30.983154296875,334.0,92.0,12.0,0,0.0,302.0,92.0,335.5,92.0
399,58,0,0,1692011762960.511,32.52490234375,347.0,91.5,13.01,0,1.0,314.5,91.0,346.0,92.0
400,58,0,0,1692011762996.363,35.85205078125,360.0,91.5,13.0,0,0.0,327.0,92.0,360.0,91.0
401,58,0,0,1692011763029.082,32.718994140625,373.0,91.5,13.0,0,0.2305987326072198,340.0,92.0,373.0,91.5
402,58,0,0,1692011763065.061,35.97900390625,387.0,91.5,14.0,0,0.5,353.0,92.0,386.0,91.5
403,58,0,0,1692011763101.76,36.698974609375,401.0,91.0,14.009,0,0.5,368.0,92.0,401.0,91.5
404,58,0,0,1692011763132.835,31.074951171875,414.0,91.5,13.01,0,0.0,381.0,91.5,415.0,90.5
405,58,1,0,1692011763165.168,32.3330078125,429.0,91.0,15.008,0,0.19630341781826663,395.5,91.0,427.0,92.0
406,58,0,2,1692011763200.75,35.58203125,443.0,91.0,14.0,0,0.3651146599614428,410.5,91.0,444.0,90.5
407,58,0,0,1692011763233.814,33.06396484375,457.0,92.5,14.08,0,1.1660190581423504,424.0,90.0,457.0,91.0
408,58,0,0,1692011763264.388,30.573974609375,470.5,96.0,13.946,0,1.0,438.0,90.0,471.0,94.0
409,58,0,0,1692011763302.45,38.06201171875,483.0,101.5,13.657,0,1.5092192514854303,452.5,90.5,484.0,99.5
410,58,0,0,1692011763333.395,30.945068359375,494.0,109.0,13.314,0,3.1011752478274817,465.5,91.5,495.5,107.0
411,58,0,0,1692011763365.953,32.557861328125,503.5,116.5,12.104,0,4.796250769895289,479.0,94.5,505.0,116.5
412,58,0,0,1692011763401.031,35.078125,511.0,125.5,11.715,0,6.440817695067941,491.5,99.5,513.0,124.0
413,58,0,0,1692011763435.099,34.068115234375,518.0,134.0,11.011,1,8.633710420867699,503.5,105.5,518.5,134.5
414,58,0,0,1692011763462.455,27.35595703125,522.5,143.0,10.062,1,10.563042594463921,513.5,112.0,525.0,142.5
415,58,0,0,1692011763501.752,39.296875,526.0,152.5,10.124,1,11.533545873337088,521.0,119.5,527.0,152.0
416,58,0,0,1692011763532.812,31.06005859375,530.0,161.0,9.394,1,11.661903789690601,528.0,128.0,529.5,162.0
417,58,0,0,1692011763565.291,32.47900390625,531.5,168.5,7.649,1,12.298373876248844,532.5,135.5,534.0,169.5
418,58,0,0,1692011763601.055,35.763916015625,532.0,176.5,8.016,1,11.556436280800225,535.0,143.5,533.0,176.0
419,58,0,0,1692011763634.006,32.951171875,533.5,184.5,8.139,1,10.378802760540832,537.0,151.5,532.5,184.5
420,58,0,0,1692011763663.832,29.825927734375,534.0,192.0,7.517,1,9.119400283925602,539.0,159.5,535.0,192.5
421,58,0,0,1692011763702.742,38.909912109375,533.5,199.5,7.517,0,7.648529270389178,539.0,167.0,534.5,199.5
422,58,0,0,1692011763735.546,32.803955078125,532.0,207.5,8.139,0,6.14426118628529,538.0,174.0,533.0,207.0
423,58,0,0,1692011763767.988,32.442138671875,531.5,215.0,7.517,0,3.7164854568453767,537.0,183.0,530.5,215.5
424,58,0,0,1692011763801.848,33.85986328125,528.5,223.5,9.014,0,1.031044663118445,535.0,191.5,531.0,222.5
425,58,0,0,1692011763828.729,26.881103515625,526.0,231.5,8.382,0,1.4966777367849684,535.0,199.5,525.5,232.0
426,58,0,0,1692011763860.414,31.68505859375,522.0,239.5,8.944,0,1.097563673642234,533.0,209.0,523.5,239.5
427,58,0,0,1692011763897.022,36.60791015625,517.0,247.0,9.014,0,0.36055512754643043,531.0,217.5,518.0,247.5
428,58,0,0,1692011763928.418,31.39599609375,511.0,254.0,9.22,0,1.5212024649932931,529.0,227.0,512.0,254.5
429,58,0,0,1692011763960.878,32.4599609375,505.0,261.0,9.22,0,0.6708203932499623,525.0,235.0,505.0,261.0
430,58,0,0,1692011763996.34,35.462158203125,499.0,266.5,8.139,0,2.3574758339572237,521.5,244.5,499.0,268.0
431,58,0,0,1692011764029.011,32.6708984375,491.0,272.5,10.0,0,2.820095951642524,516.0,252.5,493.0,272.0
432,58,0,0,1692011764060.293,31.281982421875,483.5,277.0,8.746,0,3.904748240735805,511.0,260.0,483.0,278.5
433,58,0,0,1692011764096.745,36.4521484375,475.5,281.5,9.179,0,2.3343214439689968,503.0,266.0,476.0,281.5
434,58,0,0,1692011764128.19,31.44482421875,466.0,285.0,10.124,0,2.000000000000011,495.0,272.0,467.5,286.0
435,58,0,0,1692011764165.957,37.76708984375,457.0,288.0,9.487,0,2.229481606852625,487.0,277.5,456.5,288.5
436,58,0,0,1692011764201.109,35.15185546875,448.0,290.0,9.22,0,1.6614408676436752,478.0,282.0,448.0,291.0
437,58,0,0,1692011764234.865,33.756103515625,438.0,291.5,10.112,0,2.0989253928804117,468.0,286.5,439.0,292.0
438,58,0,3,1692011764263.804,28.93896484375,428.0,291.5,10.0,0,2.5298221281346853,459.0,290.0,428.0,293.0
439,58,0,0,1692011764299.314,35.510009765625,418.0,290.5,10.05,0,2.5495097567963922,448.5,292.5,418.0,291.5
440,58,0,0,1692011764328.31,28.99609375,408.0,290.5,10.0,0,2.1262131586668254,439.0,293.5,408.0,289.5
441,58,0,0,1692011764360.704,32.39404296875,398.0,290.5,10.0,0,2.0,429.0,293.5,398.0,290.5
442,58,0,0,1692011764400.724,40.02001953125,388.0,290.5,10.0,0,1.9403225209094732,418.5,292.5,388.0,290.5
443,58,0,0,1692011764433.808,33.083984375,378.0,290.5,10.0,0,1.0,409.0,291.5,378.0,290.5
444,58,0,0,1692011764464.612,30.803955078125,368.0,290.5,10.0,0,0.5,399.0,291.0,368.0,290.5
445,58,0,0,1692011764496.616,32.00390625,358.0,290.5,10.0,0,0.0,388.0,290.5,358.0,290.5
446,58,0,0,1692011764534.093,37.47705078125,346.5,291.0,11.511,0,0.0,378.0,290.5,348.0,290.5
447,58,0,0,1692011764563.334,29.240966796875,336.0,290.5,10.512,0,0.0,367.0,290.5,335.0,291.5
448,58,0,0,1692011764598.509,35.175048828125,325.0,291.0,11.011,0,0.08687444855262128,356.0,290.5,325.5,290.0
449,58,0,0,1692011764631.119,32.60986328125,314.0,291.0,11.0,0,0.3805211953236088,344.0,290.5,314.0,291.5
450,58,0,0,1692011764662.376,31.257080078125,302.0,291.0,12.0,0,0.09081532183728447,334.0,290.5,303.0,291.0
451,58,0,0,1692011764696.602,34.22607421875,290.5,291.5,11.511,0,0.0,322.0,291.0,290.0,291.0
452,58,0,0,1692011764733.063,36.4609375,279.5,291.5,11.0,0,0.5,310.0,291.5,279.0,292.0
453,58,0,0,1692011764764.784,31.720947265625,268.0,291.5,11.5,0,0.3257791820723267,298.0,291.5,268.5,291.5
454,58,0,0,1692011764801.277,36.4931640625,255.5,292.0,12.51,0,0.0,287.0,291.5,256.5,291.5
455,58,0,0,1692011764831.64,30.36279296875,242.5,292.0,13.0,0,0.0,273.5,291.5,243.0,292.5
456,58,0,0,1692011764863.64,32.0,230.0,292.0,12.5,0,0.21982421091880958,262.5,291.5,229.5,292.0
457,58,0,0,1692011764902.343,38.703125,218.0,292.0,12.0,0,0.5,249.0,291.5,217.5,292.0
458,58,0,0,1692011764933.36,31.01708984375,206.0,292.5,12.01,0,0.5,238.0,291.5,206.0,292.0
459,58,0,0,1692011764964.375,31.014892578125,194.0,293.0,12.01,0,0.5,225.0,291.5,194.0,293.0
460,58,0,0,1692011764996.473,32.097900390625,180.5,293.0,13.5,0,0.22896799591697248,211.5,292.5,182.0,293.5
461,58,0,0,1692011765033.767,37.294189453125,168.0,293.0,12.5,0,0.2914138129852634,199.0,292.5,167.0,293.0
462,58,0,0,1692011765065.554,31.786865234375,155.5,293.0,12.5,0,0.5,186.5,292.5,155.5,293.0
463,58,0,4,1692011765102.645,37.091064453125,141.0,293.0,14.5,0,0.5,173.0,292.5,143.0,293.0
464,58,0,0,1692011765133.125,30.47998046875,131.5,293.0,9.5,0,0.5,159.5,292.5,126.5,293.0
465,58,0,0,1692011765166.051,32.926025390625,116.0,292.0,15.532,0,0.5,147.0,293.5,122.0,293.0
466,58,0,0,1692011765196.867,30.81591796875,104.0,288.5,12.5,0,0.5,135.0,293.5,100.5,291.0
467,58,0,0,1692011765228.47,31.60302734375,92.5,284.5,12.176,0,1.0462120174669585,123.0,293.5,92.0,285.0
468,58,0,0,1692011765265.356,36.885986328125,82.5,279.0,11.413,0,1.5400000000000222,110.5,292.0,81.0,280.5
469,58,0,0,1692011765302.681,37.324951171875,73.0,272.5,11.511,0,2.5870999214125345,99.0,289.5,72.5,273.5
470,58,0,0,1692011765332.485,29.80419921875,64.0,265.0,11.715,0,3.5267690324235033,87.0,285.5,63.5,266.0
471,58,0,0,1692011765365.851,33.365966796875,57.0,257.0,10.63,0,5.038718016051617,76.5,281.0,55.0,257.5
472,58,0,0,1692011765400.939,35.087890625,51.0,249.0,10.0,0,5.761659596980335,67.0,275.0,50.0,249.0
473,58,0,0,1692011765431.556,30.616943359375,45.5,241.0,9.708,0,6.396901905008456,59.0,269.0,45.0,241.0
474,58,0,0,1692011765460.06,28.504150390625,40.5,233.0,9.434,0,6.7261542089427095,52.0,261.5,40.0,233.0
475,58,0,0,1692011765496.784,36.723876953125,37.5,224.0,9.487,0,6.999999999999995,46.0,254.0,35.5,225.0
476,58,0,0,1692011765533.503,36.718994140625,34.0,215.5,9.192,0,5.433526437689576,42.0,245.5,34.5,215.0
477,58,0,0,1692011765561.167,27.6640625,32.0,206.5,9.22,0,3.9749920500238467,38.0,236.5,30.5,207.0
478,58,0,0,1692011765596.028,34.861083984375,30.5,197.0,9.618,0,4.4271887242357355,34.0,227.5,30.0,197.5
479,58,0,0,1692011765628.979,32.950927734375,30.0,187.5,9.513,0,3.181980515339461,32.0,219.0,29.0,187.5
480,58,0,0,1692011765670.93,41.950927734375,30.5,178.0,9.513,0,2.3862350360052194,30.0,208.5,29.5,178.0
481,58,0,0,1692011765701.294,30.364013671875,32.0,168.5,9.618,0,2.365432364340665,28.5,199.5,31.0,168.5
482,58,0,0,1692011765729.869,28.574951171875,34.0,158.5,10.198,0,2.1023533249105473,28.0,189.5,33.5,159.0
483,58,0,0,1692011765761.245,31.376220703125,38.0,149.0,10.308,0,2.44398574020851,28.0,179.0,36.0,148.5
484,58,0,0,1692011765795.999,34.75390625,42.0,140.5,9.394,0,1.897544643921634,30.0,169.0,42.0,139.5
485,58,0,0,1692011765828.555,32.555908203125,46.0,132.0,9.394,0,2.2553355540891125,31.5,159.5,46.0,132.0
486,58,0,0,1692011765865.748,37.193115234375,52.0,124.0,10.0,0,3.298484500494128,34.0,150.0,50.0,123.5
487,58,0,0,1692011765902.575,36.826904296875,59.0,116.5,10.259,0,3.619274808803979,38.0,140.5,58.0,116.0
488,58,0,0,1692011765933.726,31.151123046875,67.0,110.5,10.0,0,2.0491482373375414,43.5,132.5,66.0,109.0
489,58,,,,,,,,,,,,75.0,104.5
490,58,0,0,1692011766006.832,73.10595703125,83.0,101.0,18.608,0,1.852006679548606,56.0,117.0,,
491,58,0,0,1692011766033.406,26.573974609375,92.0,97.0,9.849,0,2.4,63.0,110.5,83.0,101.0
492,58,0,0,1692011766059.899,26.492919921875,104.0,94.0,12.369,0,2.4317766974245765,71.5,105.0,101.0,93.0
493,58,0,0,1692011766102.716,42.817138671875,111.0,92.5,7.159,0,2.13620162922932,80.5,100.0,116.0,91.0
494,58,0,0,1692011766133.017,30.301025390625,122.0,91.5,11.045,0,1.67532117247047,89.0,96.5,118.0,91.0
495,58,0,0,1692011766165.772,32.7548828125,132.0,91.5,10.0,0,1.4552137502179943,100.0,93.5,133.0,90.5
496,58,,,,,,,,,,,,142.0,91.5
497,58,,,,,,,,,,,,,
498,58,,,,,,,,,,,,,
499,58,,,,,,,,,,,,,
500,58,,,,,,,,,,,,,
501,58,,,,,,,,,,,,,
502,58,,,,,,,,,,,,,
503,58,0,0,1692011766436.049,270.277099609375,218.5,92.5,86.506,,,,,,
504,58,0,0,1692011766467.797,31.748046875,229.0,92.5,10.5,,,,,219.0,93.0
505,58,0,0,1692011766497.343,29.5458984375,240.0,92.0,11.011,,,,,239.5,92.5
506,58,0,0,1692011766528.741,31.39794921875,252.0,92.0,12.0,,,,,251.0,91.5
507,58,0,0,1692011766566.289,37.548095703125,264.0,91.5,12.01,0,0.13622298275595637,232.0,92.5,264.0,92.0
508,58,0,0,1692011766600.812,34.52294921875,276.0,92.0,12.01,0,0.5,245.0,92.5,276.0,91.0
509,58,0,0,1692011766633.98,33.16796875,288.5,92.0,12.5,0,1.1656552519410819,256.0,93.0,288.0,92.5
510,58,0,0,1692011766666.746,32.76611328125,301.0,91.5,12.51,0,0.8117956218875406,268.5,92.5,301.0,92.0
511,58,0,0,1692011766702.024,35.27783203125,314.0,92.0,13.01,0,0.0,281.5,92.0,313.5,91.0
512,58,0,0,1692011766728.018,25.994140625,326.5,92.0,12.5,0,0.21982421091879537,294.0,92.0,327.0,92.5
513,58,0,0,1692011766760.683,32.6650390625,340.0,91.5,13.509,0,0.7302293199228879,307.0,91.0,339.0,92.0
514,58,0,0,1692011766796.437,35.75390625,353.0,91.5,13.0,0,0.5,320.5,91.5,353.5,91.0
515,58,0,0,1692011766833.003,36.56591796875,366.0,91.5,13.0,0,0.24057579331421855,333.0,92.0,366.0,91.5
516,58,0,0,1692011766864.941,31.93798828125,380.5,91.5,14.5,0,0.5,346.0,92.0,379.0,91.5
